Date,Close_NIO,Close_Honda,Close_Toyota,Close_Ford,Close_GM,Net_Transaction,Abs_Transaction,Net_Transaction_Normalised,Abs_Transaction_Normalised,Prediction_reddit,Prediction_tw,Prediction_sa,Prediction_san,TSLA
2020-01-02,3.72,28.639999,142.240005,9.42,37.380001,0.0,0.0,0.0,0.0,3.0,0.0,-1.0,2.0,86.052002
2020-01-03,3.83,28.129999,140.75,9.21,36.32,0.0,0.0,0.0,0.0,4.0,0.0,-1.0,6.0,88.601997
2020-01-04,3.78,28.10333233333333,140.756668,9.193333333333332,36.16,0.0,0.0,0.0,0.0,2.0,0.0,0.0,0.0,89.17066433333333
2020-01-05,3.73,28.076665666666667,140.763336,9.176666666666668,36.0,-10000.0,30000.0,0.8291901065401172,0.0237633206157085,4.0,0.0,0.0,0.0,89.73933166666666
2020-01-06,3.68,28.049999,140.770004,9.16,35.84,0.0,0.0,0.0,0.0,2.0,0.0,-3.0,1.0,90.307999
2020-01-07,3.24,28.209999,141.509995,9.25,35.150002,0.0,0.0,0.0,0.0,4.0,0.0,1.0,4.0,93.811996
2020-01-08,3.39,28.129999,141.160004,9.25,34.650002,0.0,0.0,0.0,0.0,7.0,0.0,0.0,1.0,98.428001
2020-01-09,3.46,28.030001,140.509995,9.26,35.080002,0.0,0.0,0.0,0.0,5.0,0.0,1.0,1.0,96.267998
2020-01-10,3.51,27.719999,139.729996,9.25,34.650002,0.0,0.0,0.0,0.0,6.0,0.0,-1.0,1.0,95.629997
2020-01-11,3.5733333333333333,27.82666633333333,140.00666333333334,9.246666666666666,34.760001333333335,0.0,0.0,0.0,0.0,3.0,0.0,0.0,0.0,98.743998
2020-01-12,3.6366666666666663,27.933333666666663,140.28333066666667,9.243333333333334,34.87000066666666,0.0,0.0,0.0,0.0,2.0,0.0,-1.0,0.0,101.857999
2020-01-13,3.7,28.040001,140.559998,9.24,34.98,0.0,0.0,0.0,0.0,0.0,0.0,-2.0,2.0,104.972
2020-01-14,3.76,27.879999,140.369995,9.29,35.150002,0.0,0.0,0.0,0.0,17.0,0.0,-3.0,2.0,107.584
2020-01-15,4.29,27.610001,139.360001,9.19,35.150002,0.0,0.0,0.0,0.0,9.0,0.0,0.0,1.0,103.699997
2020-01-16,4.37,27.639999,140.100006,9.17,35.549999,0.0,0.0,0.0,0.0,7.0,0.0,-3.0,2.0,102.697998
2020-01-17,4.67,27.780001,140.03999299999998,9.16,35.599998,0.0,0.0,0.0,0.0,3.0,0.0,-3.0,1.0,102.099998
2020-01-18,4.795,27.73250075,140.62499599999998,9.1725,35.447499,0.0,0.0,0.0,0.0,1.0,0.0,0.0,0.0,103.934999
2020-01-19,4.92,27.6850005,141.20999899999998,9.185,35.295,0.0,0.0,0.0,0.0,3.0,0.0,0.0,1.0,105.77
2020-01-20,5.045,27.63750025,141.795002,9.197500000000002,35.142501,0.0,0.0,0.0,0.0,2.0,0.0,0.0,0.0,107.605001
2020-01-21,5.17,27.59,142.380005,9.21,34.990002000000004,0.0,0.0,0.0,0.0,4.0,0.0,-3.0,3.0,109.440002
2020-01-22,4.79,27.440001,141.559998,9.16,34.91,0.0,0.0,0.0,0.0,9.0,0.0,0.0,3.0,113.912003
2020-01-23,4.92,27.41,143.059998,9.14,34.880001,0.0,0.0,0.0,0.0,5.0,0.0,0.0,1.0,114.440002
2020-01-24,4.66,26.889999,142.759995,9.0,34.310001,0.0,0.0,0.0,0.0,4.0,0.0,1.0,1.0,112.963997
2020-01-25,4.443333333333333,26.746665666666665,142.19332933333334,8.963333333333333,34.01000066666666,0.0,0.0,0.0,0.0,4.0,0.0,-1.0,0.0,112.51066333333333
2020-01-26,4.226666666666667,26.60333233333333,141.62666366666667,8.926666666666668,33.71000033333333,0.0,0.0,0.0,0.0,3.0,0.0,0.0,0.0,112.05732966666666
2020-01-27,4.01,26.459999,141.059998,8.89,33.41,0.0,0.0,0.0,0.0,5.0,0.0,-1.0,1.0,111.603996
2020-01-28,4.21,26.49,142.580002,8.97,33.639999,0.0,0.0,0.0,0.0,2.0,0.0,0.0,1.0,113.379997
2020-01-29,4.27,26.549999,141.550003,8.86,33.599998,0.0,0.0,0.0,0.0,3.0,0.0,-1.0,5.0,116.197998
2020-01-30,4.08,26.41,141.080002,8.84,33.330002,0.0,0.0,0.0,0.0,15.0,0.0,-2.0,1.0,128.162003
2020-01-31,3.78,25.6,138.839996,8.82,33.389999,0.0,0.0,0.0,0.0,10.0,0.0,-2.0,0.0,130.113998
2020-02-01,3.873333333333333,25.696666333333333,138.86666333333332,8.873333333333333,33.49999966666667,0.0,0.0,0.0,0.0,4.0,0.0,0.0,0.0,138.74266533333335
2020-02-02,3.9666666666666655,25.793332666666668,138.89333066666666,8.926666666666668,33.61000033333333,0.0,0.0,0.0,0.0,3.0,0.0,-1.0,0.0,147.37133266666666
2020-02-03,4.06,25.889999,138.919998,8.98,33.720001,0.0,0.0,0.0,0.0,1.0,0.0,-1.0,3.0,156.0
2020-02-04,4.51,26.07,140.949997,9.18,34.369999,-7500.0,22500.0,0.834428067087799,0.0175963688988291,7.0,0.0,1.0,2.0,177.412003
2020-02-05,4.39,26.309999,141.720001,8.31,35.029999,0.0,0.0,0.0,0.0,11.0,0.0,-1.0,4.0,146.940002
2020-02-06,4.08,26.549999,143.850006,8.25,34.330002,0.0,0.0,0.0,0.0,21.0,0.0,0.0,1.0,149.792007
2020-02-07,3.81,26.49,142.339996,8.11,33.630001,0.0,0.0,0.0,0.0,9.0,0.0,0.0,0.0,149.613998
2020-02-08,3.83,26.56666633333333,141.98666366666666,8.093333333333334,33.83666733333333,0.0,0.0,0.0,0.0,7.0,0.0,0.0,1.0,151.16133100000002
2020-02-09,3.85,26.643332666666662,141.63333133333333,8.076666666666666,34.04333366666667,0.0,0.0,0.0,0.0,3.0,0.0,-1.0,1.0,152.708664
2020-02-10,3.87,26.719999,141.279999,8.06,34.25,0.0,0.0,0.0,0.0,3.0,0.0,-2.0,2.0,154.255997
2020-02-11,3.96,26.92,142.110001,8.1,35.009998,0.0,0.0,0.0,0.0,6.0,0.0,-3.0,1.0,154.87600700000002
2020-02-12,4.07,27.16,142.429993,8.24,35.490002000000004,0.0,0.0,0.0,0.0,5.0,0.0,0.0,1.0,153.457993
2020-02-13,4.03,27.08,141.100006,8.25,35.290001000000004,0.0,0.0,0.0,0.0,12.0,0.0,0.0,4.0,160.800003
2020-02-14,3.77,26.780001,140.149994,8.1,34.759998,0.0,0.0,0.0,0.0,1.0,0.0,0.0,1.0,160.005997
2020-02-15,3.7775,26.8475005,139.95749675,8.09,34.6724985,0.0,0.0,0.0,0.0,2.0,0.0,0.0,1.0,162.924496
2020-02-16,3.785,26.915,139.7649995,8.08,34.584999,0.0,0.0,0.0,0.0,5.0,0.0,0.0,0.0,165.842995
2020-02-17,3.7925,26.9824995,139.57250225,8.07,34.4974995,0.0,0.0,0.0,0.0,2.0,0.0,0.0,1.0,168.761494
2020-02-18,3.8,27.049999,139.380005,8.06,34.41,71525.0,72445.0,1.0,0.058664156032101,7.0,0.0,1.0,3.0,171.679993
2020-02-19,4.08,27.08,137.839996,8.0,34.919998,0.0,0.0,0.0,0.0,7.0,0.0,1.0,1.0,183.483994
2020-02-20,4.26,27.33,139.110001,8.03,35.290001000000004,0.0,0.0,0.0,0.0,7.0,0.0,1.0,1.0,179.882004
2020-02-21,4.08,27.049999,139.03999299999998,7.89,34.650002,0.0,0.0,0.0,0.0,7.0,0.0,0.0,2.0,180.199997
2020-02-22,4.013333333333334,26.713333,137.52333033333332,7.783333333333333,34.13000133333333,0.0,0.0,0.0,0.0,3.0,0.0,0.0,0.0,175.71933
2020-02-23,3.9466666666666663,26.376667,136.00666766666666,7.676666666666667,33.61000066666667,-405760.0,1217260.0,0.0,1.0,1.0,0.0,0.0,0.0,171.238663
2020-02-24,3.88,26.040001,134.490005,7.57,33.09,-9670.0,29010.0,0.829881517332411,0.0229492829890804,3.0,0.0,0.0,1.0,166.757996
2020-02-25,4.4,25.860001,134.029999,7.23,31.75,0.0,0.0,0.0,0.0,5.0,0.0,0.0,1.0,159.98199499999998
2020-02-26,4.34,26.34,135.130005,7.21,32.0,0.0,0.0,0.0,0.0,7.0,0.0,0.0,1.0,155.759995
2020-02-27,4.14,25.92,131.399994,6.97,30.709999,0.0,0.0,0.0,0.0,7.0,0.0,0.0,1.0,135.800003
2020-02-28,4.13,25.66,130.75,6.96,30.5,0.0,0.0,0.0,0.0,5.0,0.0,-2.0,1.0,133.598007
2020-02-29,4.123333333333333,25.756667,131.40333566666666,7.04,30.80666666666667,0.0,0.0,0.0,0.0,4.0,0.0,0.0,1.0,138.64000433333334
2020-03-01,4.116666666666667,25.853334,132.05667133333336,7.12,31.113333333333333,0.0,0.0,0.0,0.0,4.0,0.0,0.0,0.0,143.68200166666665
2020-03-02,4.11,25.950001,132.71000700000002,7.2,31.42,0.0,0.0,0.0,0.0,5.0,0.0,-1.0,0.0,148.723999
2020-03-03,4.06,25.58,130.949997,6.97,30.52,0.0,0.0,0.0,0.0,4.0,0.0,0.0,1.0,149.102005
2020-03-04,3.87,25.98,131.850006,7.08,31.530001,0.0,0.0,0.0,0.0,4.0,0.0,0.0,1.0,149.899994
2020-03-05,3.72,25.780001,129.199997,6.74,30.1,0.0,0.0,0.0,0.0,7.0,0.0,-3.0,0.0,144.908005
2020-03-06,3.55,25.07,127.110001,6.49,28.690001,0.0,0.0,0.0,0.0,6.0,0.0,0.0,1.0,140.695999
2020-03-07,3.4633333333333334,24.479999666666668,125.670001,6.293333333333334,27.35666766666667,0.0,0.0,0.0,0.0,1.0,0.0,0.0,0.0,134.33066533333334
2020-03-08,3.3766666666666665,23.88999933333333,124.230001,6.096666666666667,26.02333433333333,7695.0,40495.0,0.866264391296605,0.032392941718195,3.0,0.0,0.0,0.0,127.96533166666669
2020-03-09,3.29,23.299999,122.790001,5.9,24.690001,0.0,0.0,0.0,0.0,2.0,0.0,0.0,3.0,121.599998
2020-03-10,3.5,24.27,126.989998,6.26,27.120001,0.0,0.0,0.0,0.0,3.0,0.0,0.0,4.0,129.065994
2020-03-11,3.32,23.559999,122.790001,5.9,26.0,0.0,0.0,0.0,0.0,1.0,0.0,1.0,0.0,126.846001
2020-03-12,3.13,21.450001,112.199997,5.35,23.040001,0.0,0.0,0.0,0.0,0.0,0.0,0.0,1.0,112.110001
2020-03-13,3.11,21.98,116.230003,5.63,24.709999,0.0,0.0,0.0,0.0,2.0,0.0,-1.0,1.0,109.323997
2020-03-14,3.053333333333333,21.406666666666663,113.65333533333332,5.423333333333333,23.473332666666668,0.0,0.0,0.0,0.0,3.0,0.0,0.0,0.0,102.553998
2020-03-15,2.9966666666666666,20.833333333333336,111.07666766666668,5.216666666666667,22.23666633333333,0.0,0.0,0.0,0.0,0.0,0.0,0.0,0.0,95.783999
2020-03-16,2.94,20.26,108.5,5.01,21.0,0.0,0.0,0.0,0.0,2.0,1.0,1.0,3.0,89.014
2020-03-17,2.9,21.280001,118.889999,5.01,20.32,0.0,0.0,0.0,0.0,2.0,1.0,0.0,4.0,86.040001
2020-03-18,2.43,20.969999,116.07,4.5,16.799999,0.0,0.0,0.0,0.0,1.0,4.0,0.0,3.0,72.244003
2020-03-19,2.38,21.139999,118.230003,4.47,17.709999,0.0,0.0,0.0,0.0,5.0,1.0,0.0,4.0,85.528
2020-03-20,2.4,20.74,116.459999,4.33,18.139999,0.0,0.0,0.0,0.0,1.0,0.0,-1.0,1.0,85.505997
2020-03-21,2.39,20.446667,114.673332,4.223333333333334,17.959999333333332,0.0,0.0,0.0,0.0,0.0,2.0,0.0,0.0,85.95666533333333
2020-03-22,2.38,20.153334,112.886665,4.116666666666666,17.77999966666667,0.0,0.0,0.0,0.0,0.0,0.0,0.0,1.0,86.40733366666666
2020-03-23,2.37,19.860001,111.099998,4.01,17.6,0.0,0.0,0.0,0.0,1.0,0.0,0.0,2.0,86.858002
2020-03-24,2.6,21.74,116.349998,4.95,21.110001,0.0,0.0,0.0,0.0,2.0,0.0,0.0,2.0,101.0
2020-03-25,2.76,22.780001,121.290001,5.39,21.49,0.0,0.0,0.0,0.0,1.0,0.0,0.0,0.0,107.849998
2020-03-26,2.93,23.68,126.339996,5.25,22.559999,0.0,0.0,0.0,0.0,2.0,0.0,1.0,3.0,105.632004
2020-03-27,2.84,23.09,127.239998,5.19,21.379999,0.0,0.0,0.0,0.0,3.0,1.0,-1.0,1.0,102.872002
2020-03-28,2.7966666666666664,23.196666666666665,126.56666566666668,5.136666666666667,21.35999933333333,0.0,0.0,0.0,0.0,2.0,0.0,0.0,0.0,102.056669
2020-03-29,2.7533333333333334,23.30333333333333,125.89333333333332,5.083333333333334,21.339999666666667,0.0,0.0,0.0,0.0,1.0,0.0,0.0,0.0,101.241336
2020-03-30,2.71,23.41,125.220001,5.03,21.32,0.0,0.0,0.0,0.0,1.0,1.0,-2.0,1.0,100.426003
2020-03-31,2.78,22.459999,119.949997,4.83,20.780001,0.0,0.0,0.0,0.0,0.0,1.0,0.0,0.0,104.800003
2020-04-01,2.65,21.08,116.709999,4.4,19.26,0.0,0.0,0.0,0.0,3.0,0.0,0.0,-1.0,96.311996
2020-04-02,2.39,20.879999,117.82,4.36,18.190001,0.0,0.0,0.0,0.0,3.0,1.0,0.0,3.0,90.893997
2020-04-03,2.4,19.860001,115.0,4.24,18.040001,0.0,0.0,0.0,0.0,2.0,0.0,-3.0,1.0,96.001999
2020-04-04,2.4233333333333333,20.400000666666667,117.47000133333331,4.336666666666667,18.543333666666665,0.0,0.0,0.0,0.0,0.0,1.0,1.0,1.0,98.417333
2020-04-05,2.4466666666666668,20.940000333333334,119.94000266666669,4.433333333333334,19.04666633333333,0.0,0.0,0.0,0.0,1.0,1.0,1.0,0.0,100.832667
2020-04-06,2.47,21.48,122.410004,4.53,19.549999,0.0,0.0,0.0,0.0,1.0,0.0,-1.0,1.0,103.248001
2020-04-07,2.7,21.700001,121.900002,4.71,21.299999,0.0,0.0,0.0,0.0,1.0,2.0,1.0,2.0,109.089996
2020-04-08,2.74,22.129999,123.540001,5.03,23.129999,0.0,0.0,0.0,0.0,1.0,3.0,-2.0,0.0,109.767998
2020-04-09,2.67,22.33,123.410004,5.37,24.059999,0.0,0.0,0.0,0.0,4.0,1.0,-1.0,1.0,114.599998
2020-04-10,2.745,22.225,122.8725035,5.3175,23.79749925,0.0,0.0,0.0,0.0,3.0,0.0,-1.0,1.0,118.497499
2020-04-11,2.8200000000000003,22.12,122.335003,5.265000000000001,23.5349995,0.0,0.0,0.0,0.0,1.0,0.0,0.0,0.0,122.395
2020-04-12,2.895,22.015,121.7975025,5.2125,23.27249975,0.0,0.0,0.0,0.0,1.0,1.0,0.0,0.0,126.292501
2020-04-13,2.97,21.91,121.260002,5.16,23.01,0.0,0.0,0.0,0.0,1.0,1.0,0.0,0.0,130.190002
2020-04-14,3.01,22.040001,124.639999,5.29,22.98,-1000.0,3000.0,0.84804676451177,0.0015622944349427,5.0,2.0,0.0,5.0,141.977997
2020-04-15,3.2,21.41,122.989998,5.03,21.66,0.0,0.0,0.0,0.0,4.0,0.0,0.0,4.0,145.966003
2020-04-16,3.25,21.01,121.830002,4.94,20.870001,0.0,0.0,0.0,0.0,4.0,1.0,0.0,0.0,149.042007
2020-04-17,3.21,22.629999,124.610001,5.12,22.48,0.0,0.0,0.0,0.0,3.0,0.0,0.0,1.0,150.778
2020-04-18,3.203333333333333,22.529999333333333,123.64333366666666,5.073333333333333,22.446666333333333,0.0,0.0,0.0,0.0,3.0,0.0,0.0,0.0,150.276001
2020-04-19,3.1966666666666668,22.429999666666664,122.67666633333332,5.026666666666667,22.413332666666665,0.0,0.0,0.0,0.0,1.0,0.0,0.0,0.0,149.774002
2020-04-20,3.19,22.33,121.709999,4.98,22.379999,0.0,0.0,0.0,0.0,0.0,1.0,-1.0,1.0,149.272003
2020-04-21,3.02,21.780001,120.669998,4.77,21.24,0.0,0.0,0.0,0.0,4.0,0.0,0.0,0.0,137.34399399999998
2020-04-22,3.09,21.860001,121.43,4.77,21.299999,0.0,0.0,0.0,0.0,3.0,4.0,0.0,1.0,146.421997
2020-04-23,3.06,22.48,121.68,4.89,21.52,0.0,0.0,0.0,0.0,0.0,4.0,1.0,1.0,141.12600700000002
2020-04-24,2.94,22.73,122.559998,4.87,21.950001,0.0,0.0,0.0,0.0,4.0,1.0,-1.0,2.0,145.029999
2020-04-25,3.04,23.01,123.10666433333331,4.97,22.116667666666668,0.0,0.0,0.0,0.0,1.0,0.0,-1.0,1.0,149.936666
2020-04-26,3.14,23.29,123.65333066666666,5.07,22.28333433333333,0.0,0.0,0.0,0.0,0.0,1.0,0.0,0.0,154.843333
2020-04-27,3.24,23.57,124.199997,5.17,22.450001,0.0,0.0,0.0,0.0,4.0,2.0,1.0,2.0,159.75
2020-04-28,3.34,23.33,125.489998,5.38,22.18,0.0,0.0,0.0,0.0,5.0,0.0,-1.0,-1.0,153.824005
2020-04-29,3.61,23.889999,127.860001,5.26,23.780001,0.0,0.0,0.0,0.0,2.0,2.0,1.0,3.0,160.102005
2020-04-30,3.41,24.049999,123.589996,5.09,22.290001,0.0,0.0,0.0,0.0,11.0,6.0,-3.0,3.0,156.37600700000002
2020-05-01,3.18,22.940001,121.120003,4.92,20.9,0.0,0.0,0.0,0.0,3.0,6.0,-1.0,2.0,140.26400800000002
2020-05-02,3.2333333333333334,22.86333366666667,120.980001,4.9,20.85,0.0,0.0,0.0,0.0,9.0,0.0,0.0,2.0,144.25534100000002
2020-05-03,3.286666666666666,22.786666333333333,120.839999,4.88,20.8,-11375.0,34125.0,0.826309228238893,0.0271551440599921,4.0,2.0,0.0,1.0,148.246674
2020-05-04,3.34,22.709999,120.699997,4.86,20.75,0.0,0.0,0.0,0.0,5.0,0.0,-1.0,2.0,152.238007
2020-05-05,3.28,22.870001,121.959999,4.97,21.26,0.0,0.0,0.0,0.0,3.0,0.0,1.0,1.0,153.641998
2020-05-06,3.62,22.85,121.580002,4.87,21.889999,0.0,0.0,0.0,0.0,5.0,2.0,0.0,1.0,156.516006
2020-05-07,3.63,22.790001,121.519997,4.87,22.440001,-10000.0,30000.0,0.8291901065401172,0.0237633206157085,1.0,0.0,-2.0,2.0,156.007996
2020-05-08,3.77,23.969999,123.099998,5.24,23.93,0.0,0.0,0.0,0.0,2.0,0.0,-1.0,3.0,163.884003
2020-05-09,3.76,23.973332666666664,123.273333,5.2,23.553333,0.0,0.0,0.0,0.0,6.0,1.0,0.0,0.0,163.34200066666668
2020-05-10,3.75,23.97666633333333,123.446668,5.16,23.176666,0.0,0.0,0.0,0.0,0.0,1.0,-1.0,0.0,162.79999833333332
2020-05-11,3.74,23.98,123.620003,5.12,22.799999,0.0,0.0,0.0,0.0,4.0,0.0,1.0,4.0,162.257996
2020-05-12,3.62,22.709999,120.169998,4.98,22.559999,-3500.0,10500.0,0.8428088039640892,0.0077292461518221,3.0,0.0,-1.0,1.0,161.882004
2020-05-13,3.44,23.049999,117.760002,4.72,21.459999,0.0,0.0,0.0,0.0,0.0,4.0,-2.0,3.0,158.192001
2020-05-14,3.45,22.67,116.949997,4.89,22.309999,0.0,0.0,0.0,0.0,3.0,2.0,0.0,2.0,160.666
2020-05-15,3.37,22.940001,116.889999,4.9,22.629999,0.0,0.0,0.0,0.0,1.0,2.0,0.0,2.0,159.834
2020-05-16,3.45,23.250001,117.74999966666668,5.036666666666667,23.356665666666665,0.0,0.0,0.0,0.0,1.0,0.0,0.0,2.0,160.79799933333334
2020-05-17,3.53,23.560001000000003,118.61000033333332,5.173333333333333,24.08333233333333,0.0,0.0,0.0,0.0,1.0,0.0,-1.0,1.0,161.76199866666667
2020-05-18,3.61,23.870001,119.470001,5.31,24.809999,0.0,1100.0,0.850141948730842,0.0,1.0,1.0,-1.0,3.0,162.725998
2020-05-19,3.69,23.700001,118.220001,5.3,24.690001,0.0,0.0,0.0,0.0,1.0,1.0,-1.0,1.0,161.602005
2020-05-20,3.48,24.110001,119.82,5.49,25.48,0.0,0.0,0.0,0.0,0.0,0.0,0.0,0.0,163.112
2020-05-21,3.33,23.73,117.949997,5.63,25.799999,0.0,0.0,0.0,0.0,2.0,2.0,1.0,4.0,165.520004
2020-05-22,3.27,23.610001,117.559998,5.65,25.98,0.0,0.0,0.0,0.0,4.0,1.0,0.0,1.0,163.37600700000002
2020-05-23,3.4075,24.20500075,119.19749875,5.6975,26.335,0.0,0.0,0.0,0.0,2.0,1.0,0.0,1.0,163.47550575000002
2020-05-24,3.545,24.8000005,120.8349995,5.745,26.69,0.0,0.0,0.0,0.0,2.0,1.0,0.0,0.0,163.5750045
2020-05-25,3.6825,25.39500025,122.47250025,5.7925,27.045,0.0,0.0,0.0,0.0,0.0,0.0,0.0,0.0,163.67450325
2020-05-26,3.82,25.99,124.110001,5.84,27.4,0.0,0.0,0.0,0.0,3.0,0.0,-2.0,0.0,163.774002
2020-05-27,4.17,26.57,126.809998,6.03,27.790001,0.0,0.0,0.0,0.0,3.0,4.0,0.0,3.0,164.046005
2020-05-28,3.83,26.860001,128.360001,5.85,26.68,0.0,0.0,0.0,0.0,5.0,0.0,0.0,-1.0,161.162003
2020-05-29,3.98,26.049999,126.010002,5.71,25.879999,0.0,0.0,0.0,0.0,1.0,0.0,-2.0,2.0,167.0
2020-05-30,4.073333333333333,26.15666633333333,126.156667,5.763333333333334,26.233333,0.0,0.0,0.0,0.0,1.0,6.0,0.0,1.0,171.206665
2020-05-31,4.166666666666666,26.263333666666668,126.303332,5.816666666666666,26.586667,0.0,0.0,0.0,0.0,2.0,1.0,0.0,0.0,175.41333
2020-06-01,4.26,26.370001,126.449997,5.87,26.940001,0.0,0.0,0.0,0.0,0.0,0.0,-1.0,1.0,179.619995
2020-06-02,4.7,26.469999,126.480003,5.9,27.41,-43115.0,129345.0,0.759808081125533,0.1054507630574919,0.0,0.0,-1.0,2.0,176.311996
2020-06-03,5.6,27.0,128.729996,6.19,29.07,0.0,0.0,0.0,0.0,2.0,0.0,0.0,0.0,176.591995
2020-06-04,5.97,26.93,128.160004,6.57,29.16,0.0,0.0,0.0,0.0,4.0,0.0,-1.0,4.0,172.87600700000002
2020-06-05,5.59,27.98,131.100006,7.34,30.610001,0.0,0.0,0.0,0.0,3.0,0.0,0.0,0.0,177.132004
2020-06-06,5.716666666666667,28.016666666666666,131.42333966666666,7.403333333333333,30.633334,0.0,0.0,0.0,0.0,1.0,2.0,0.0,0.0,181.41600066666663
2020-06-07,5.843333333333333,28.05333333333333,131.74667333333335,7.466666666666667,30.656667,0.0,0.0,0.0,0.0,0.0,0.0,0.0,0.0,185.69999733333333
2020-06-08,5.97,28.09,132.070007,7.53,30.68,4515.0,45075.0,0.8596017054799541,0.036158893566636,6.0,2.0,-1.0,2.0,189.983994
2020-06-09,6.68,27.799999,130.589996,7.24,29.860001,0.0,0.0,0.0,0.0,5.0,1.0,-2.0,3.0,188.134003
2020-06-10,6.3,27.93,131.009995,6.81,28.75,0.0,0.0,0.0,0.0,2.0,2.0,-2.0,2.0,205.009995
2020-06-11,5.91,25.790001,124.440002,6.13,26.5,-1000.0,3000.0,0.84804676451177,0.0015622944349427,2.0,0.0,-2.0,2.0,194.567993
2020-06-12,6.1,26.41,127.82,6.46,27.959999,0.0,0.0,0.0,0.0,5.0,0.0,1.0,1.0,187.056
2020-06-13,6.343333333333333,26.383333333333333,127.68000066666666,6.473333333333334,27.896666,0.0,0.0,0.0,0.0,1.0,1.0,0.0,1.0,190.76399766666668
2020-06-14,6.586666666666667,26.356666666666666,127.54000133333334,6.486666666666666,27.833333,0.0,0.0,0.0,0.0,1.0,0.0,0.0,0.0,194.47199533333333
2020-06-15,6.83,26.33,127.400002,6.5,27.77,0.0,0.0,0.0,0.0,1.0,2.0,-1.0,3.0,198.179993
2020-06-16,6.99,27.299999,129.600006,6.55,27.780001,0.0,0.0,0.0,0.0,4.0,1.0,0.0,2.0,196.425995
2020-06-17,6.84,27.219999,128.880005,6.33,27.16,0.0,0.0,0.0,0.0,3.0,0.0,0.0,1.0,198.358002
2020-06-18,7.18,27.27,129.119995,6.33,27.09,0.0,0.0,0.0,0.0,2.0,0.0,0.0,3.0,200.792007
2020-06-19,7.34,26.75,127.790001,6.23,26.59,0.0,0.0,0.0,0.0,4.0,1.0,0.0,3.0,200.179993
2020-06-20,7.37,26.816667,127.90333566666668,6.246666666666667,26.516667,0.0,0.0,0.0,0.0,1.0,1.0,0.0,-1.0,199.741328
2020-06-21,7.399999999999999,26.883334,128.01667033333334,6.263333333333334,26.443334,0.0,0.0,0.0,0.0,1.0,2.0,0.0,0.0,199.302663
2020-06-22,7.43,26.950001,128.130005,6.28,26.370001,0.0,0.0,0.0,0.0,2.0,0.0,0.0,2.0,198.863998
2020-06-23,7.23,26.99,129.089996,6.15,26.25,0.0,0.0,0.0,0.0,1.0,0.0,0.0,2.0,200.356003
2020-06-24,6.86,26.290001,127.800003,5.95,25.280001,0.0,0.0,0.0,0.0,1.0,0.0,-1.0,2.0,192.169998
2020-06-25,7.08,26.25,127.769997,6.03,25.23,0.0,0.0,0.0,0.0,2.0,4.0,-1.0,2.0,197.195999
2020-06-26,6.9,25.33,126.160004,5.91,24.459999,0.0,0.0,0.0,0.0,2.0,3.0,-1.0,0.0,191.947998
2020-06-27,7.010000000000001,25.41333333333333,126.40333566666666,5.943333333333333,24.739999,0.0,0.0,0.0,0.0,2.0,0.0,0.0,0.0,195.2553303333333
2020-06-28,7.12,25.496666666666663,126.64666733333334,5.976666666666667,25.019999,0.0,0.0,0.0,0.0,0.0,1.0,0.0,0.0,198.56266266666665
2020-06-29,7.23,25.58,126.889999,6.01,25.299999,0.0,0.0,0.0,0.0,1.0,0.0,-1.0,3.0,201.869995
2020-06-30,7.72,25.559999,125.629997,6.08,25.299999,0.0,0.0,0.0,0.0,4.0,1.0,-1.0,2.0,215.962006
2020-07-01,7.91,25.370001,124.139999,5.98,24.959999,0.0,0.0,0.0,0.0,2.0,1.0,0.0,2.0,223.92599500000003
2020-07-02,9.38,25.83,126.389999,6.05,25.24,0.0,0.0,0.0,0.0,8.0,6.0,0.0,1.0,241.731995
2020-07-03,9.9125,25.91,126.5375,6.085,25.3625,0.0,0.0,0.0,0.0,4.0,0.0,0.0,0.0,249.87799875
2020-07-04,10.445,25.99,126.685001,6.12,25.485,0.0,0.0,0.0,0.0,3.0,3.0,0.0,0.0,258.0240025
2020-07-05,10.9775,26.07,126.832502,6.155,25.6075,-15000.0,45000.0,0.8187141854447549,0.0360972240494672,2.0,5.0,1.0,0.0,266.17000625000003
2020-07-06,11.51,26.15,126.980003,6.19,25.73,0.0,0.0,0.0,0.0,3.0,0.0,-1.0,2.0,274.31601
2020-07-07,13.22,25.67,124.959999,6.12,25.129999,0.0,0.0,0.0,0.0,14.0,0.0,0.0,2.0,277.971985
2020-07-08,12.88,25.370001,125.410004,6.09,24.940001,0.0,0.0,0.0,0.0,10.0,0.0,-2.0,2.0,273.175995
2020-07-09,14.57,25.02,123.830002,5.84,23.42,0.0,0.0,0.0,0.0,2.0,0.0,0.0,3.0,278.855988
2020-07-10,14.98,25.280001,124.970001,6.1,24.389999,0.0,0.0,0.0,0.0,5.0,2.0,0.0,3.0,308.929993
2020-07-11,14.6,25.46000066666667,124.99666833333332,6.086666666666666,24.54666633333333,0.0,0.0,0.0,0.0,12.0,0.0,0.0,1.0,305.7573243333334
2020-07-12,14.22,25.640000333333333,125.02333566666668,6.073333333333333,24.703333666666666,0.0,0.0,0.0,0.0,6.0,0.0,0.0,1.0,302.58465566666666
2020-07-13,13.84,25.82,125.050003,6.06,24.860001,-1000.0,3000.0,0.84804676451177,0.0015622944349427,3.0,0.0,-2.0,4.0,299.411987
2020-07-14,14.09,25.950001,126.43,6.36,25.639999,0.0,0.0,0.0,0.0,14.0,0.0,-2.0,2.0,303.359985
2020-07-15,13.52,26.5,127.330002,6.74,26.879999,0.0,0.0,0.0,0.0,5.0,0.0,-1.0,1.0,309.201996
2020-07-16,12.94,26.440001,126.489998,6.86,26.85,0.0,0.0,0.0,0.0,7.0,0.0,-4.0,0.0,300.127991
2020-07-17,11.09,26.23,127.059998,6.8,26.450001,0.0,0.0,0.0,0.0,5.0,0.0,-2.0,0.0,300.167999
2020-07-18,11.666666666666666,26.22666633333333,127.13333166666666,6.753333333333333,26.303334,0.0,0.0,0.0,0.0,3.0,0.0,0.0,0.0,309.64533466666666
2020-07-19,12.243333333333334,26.223332666666664,127.20666533333332,6.706666666666667,26.156667,0.0,0.0,0.0,0.0,5.0,0.0,0.0,0.0,319.12267033333336
2020-07-20,12.82,26.219999,127.279999,6.66,26.01,0.0,0.0,0.0,0.0,2.0,4.0,-1.0,3.0,328.600006
2020-07-21,12.88,25.870001,126.269997,6.68,26.15,-4085.0,12255.0,0.8415831211959308,0.0091723128535719,2.0,0.0,-2.0,0.0,313.67199700000003
2020-07-22,12.38,25.969999,126.260002,6.84,26.299999,0.0,0.0,0.0,0.0,5.0,3.0,-1.0,2.0,318.466003
2020-07-23,12.15,25.879999,125.860001,6.98,26.76,0.0,0.0,0.0,0.0,11.0,2.0,-1.0,3.0,302.614014
2020-07-24,11.82,25.73,125.209999,6.88,26.25,0.0,0.0,0.0,0.0,6.0,3.0,1.0,0.0,283.399994
2020-07-25,11.776666666666667,25.860000333333332,125.996666,6.8966666666666665,26.066667,0.0,0.0,0.0,0.0,2.0,2.0,0.0,1.0,291.57333366666666
2020-07-26,11.733333333333333,25.990000666666667,126.783333,6.913333333333333,25.883334,0.0,0.0,0.0,0.0,1.0,0.0,0.0,0.0,299.7466733333333
2020-07-27,11.69,26.120001,127.57,6.93,25.700001,0.0,0.0,0.0,0.0,5.0,2.0,-1.0,1.0,307.920013
2020-07-28,12.27,25.809999,125.459999,7.01,26.33,-80000.0,240000.0,0.682527211205045,0.1964379686883299,6.0,0.0,-1.0,4.0,295.298004
2020-07-29,12.7,25.799999,123.989998,6.92,25.889999,0.0,0.0,0.0,0.0,5.0,0.0,-1.0,3.0,299.821991
2020-07-30,12.2,25.309999,122.459999,6.74,25.200001,0.0,0.0,0.0,0.0,4.0,4.0,0.0,0.0,297.497986
2020-07-31,11.94,24.35,119.339996,6.61,24.889999,0.0,0.0,0.0,0.0,3.0,3.0,0.0,0.0,286.152008
2020-08-01,12.493333333333332,24.593333333333334,119.87333133333334,6.636666666666667,25.139999,0.0,0.0,0.0,0.0,0.0,3.0,-1.0,0.0,289.7680053333333
2020-08-02,13.046666666666669,24.836666666666662,120.40666666666668,6.663333333333334,25.389999,-130835.0,392505.0,0.5760185214284971,0.321836764899355,0.0,4.0,0.0,0.0,293.3840026666667
2020-08-03,13.6,25.08,120.940002,6.69,25.639999,-12500.0,37500.0,0.8239521459924359,0.0299302723325878,0.0,1.0,1.0,2.0,297.0
2020-08-04,13.64,25.959999,122.910004,6.86,25.799999,-15000.0,45000.0,0.8187141854447549,0.0360972240494672,1.0,1.0,-1.0,1.0,297.399994
2020-08-05,13.92,25.610001,124.82,6.96,26.33,0.0,0.0,0.0,0.0,5.0,1.0,1.0,1.0,297.003998
2020-08-06,13.84,25.24,128.339996,6.93,26.620001,0.0,0.0,0.0,0.0,3.0,1.0,0.0,1.0,297.91598500000003
2020-08-07,13.42,24.67,129.96000700000002,6.86,26.719999,0.0,0.0,0.0,0.0,2.0,0.0,0.0,2.0,290.541992
2020-08-08,13.683333333333334,24.739999666666662,130.16334033333334,6.9366666666666665,27.13999933333333,0.0,0.0,0.0,0.0,5.0,0.0,0.0,1.0,288.265991
2020-08-09,13.946666666666667,24.809999333333334,130.36667366666668,7.013333333333334,27.559999666666663,0.0,0.0,0.0,0.0,2.0,0.0,0.0,0.0,285.98999000000003
2020-08-10,14.21,24.879999,130.570007,7.09,27.98,0.0,0.0,0.0,0.0,6.0,0.0,-1.0,2.0,283.713989
2020-08-11,12.99,25.59,133.75,7.23,28.52,-1000.0,3000.0,0.84804676451177,0.0015622944349427,1.0,2.0,0.0,3.0,274.877991
2020-08-12,13.36,25.91,136.440002,7.11,28.030001,0.0,0.0,0.0,0.0,4.0,0.0,0.0,1.0,310.951996
2020-08-13,13.36,25.59,135.639999,7.03,27.549999,0.0,0.0,0.0,0.0,8.0,0.0,-1.0,2.0,324.200012
2020-08-14,13.1,25.43,134.220001,7.04,27.860001,0.0,0.0,0.0,0.0,4.0,3.0,0.0,3.0,330.141998
2020-08-15,13.416666666666666,25.53333333333333,134.656667,7.0200000000000005,28.576667333333333,0.0,0.0,0.0,0.0,3.0,2.0,0.0,0.0,342.47066233333334
2020-08-16,13.733333333333334,25.636666666666667,135.093333,7.0,29.29333366666667,0.0,0.0,0.0,0.0,0.0,1.0,0.0,1.0,354.7993266666667
2020-08-17,14.05,25.74,135.529999,6.98,30.01,0.0,0.0,0.0,0.0,3.0,2.0,-1.0,1.0,367.127991
2020-08-18,14.3,25.57,136.080002,6.89,29.84,0.0,0.0,0.0,0.0,9.0,2.0,1.0,2.0,377.417999
2020-08-19,14.06,25.52,135.21000700000002,6.87,29.219999,0.0,0.0,0.0,0.0,16.0,2.0,0.0,0.0,375.705994
2020-08-20,13.78,25.02,134.089996,6.84,28.83,0.0,0.0,0.0,0.0,5.0,3.0,0.0,1.0,400.365997
2020-08-21,14.12,24.93,133.830002,6.66,28.559999,0.0,0.0,0.0,0.0,9.0,1.0,0.0,3.0,409.996002
2020-08-22,14.403333333333332,25.01,134.13999966666668,6.766666666666667,29.14333233333333,0.0,0.0,0.0,0.0,11.0,0.0,0.0,0.0,407.61066666666665
2020-08-23,14.686666666666667,25.09,134.44999733333333,6.873333333333334,29.726665666666666,0.0,0.0,0.0,0.0,5.0,0.0,0.0,0.0,405.2253313333333
2020-08-24,14.97,25.17,134.759995,6.98,30.309999,0.0,0.0,0.0,0.0,9.0,0.0,-3.0,2.0,402.839996
2020-08-25,17.84,25.469999,134.78999299999998,6.94,29.690001,0.0,0.0,0.0,0.0,5.0,0.0,0.0,-1.0,404.667999
2020-08-26,20.440001,25.719999,134.889999,6.82,29.48,0.0,0.0,0.0,0.0,4.0,0.0,0.0,1.0,430.634003
2020-08-27,19.879999,25.360001,133.559998,6.91,29.690001,0.0,0.0,0.0,0.0,8.0,0.0,0.0,2.0,447.75
2020-08-28,18.5,25.709999,133.919998,6.94,30.02,0.0,0.0,0.0,0.0,6.0,2.0,0.0,0.0,442.679993
2020-08-29,18.676667,25.666666,133.42332966666666,6.9,29.889999666666665,0.0,0.0,0.0,0.0,4.0,0.0,0.0,0.0,461.2266643333333
2020-08-30,18.853334,25.623333,132.92666133333333,6.86,29.759999333333333,0.0,0.0,0.0,0.0,6.0,5.0,-1.0,2.0,479.7733356666667
2020-08-31,19.030001,25.58,132.429993,6.82,29.629999,0.0,0.0,0.0,0.0,2.0,1.0,0.0,2.0,498.320007
2020-09-01,20.120001,25.440001,132.300003,6.83,29.790001,-12500.0,37500.0,0.8239521459924359,0.0299302723325878,4.0,0.0,0.0,3.0,475.049988
2020-09-02,19.9,25.469999,132.520004,6.95,30.959999,5375.0,65375.0,0.861403563908357,0.0528507762136561,8.0,0.0,-2.0,2.0,447.369995
2020-09-03,18.700001,25.290001,129.949997,6.82,29.48,0.0,0.0,0.0,0.0,12.0,3.0,-1.0,1.0,407.0
2020-09-04,17.98,26.01,133.169998,6.9,30.0,0.0,0.0,0.0,0.0,8.0,0.0,0.0,2.0,418.320007
2020-09-05,17.74250025,25.845,132.6849975,6.9325,30.59500025,0.0,0.0,0.0,0.0,10.0,0.0,0.0,0.0,396.292503
2020-09-06,17.5050005,25.68,132.199997,6.965,31.1900005,0.0,0.0,0.0,0.0,5.0,0.0,0.0,0.0,374.264999
2020-09-07,17.267500750000004,25.515,131.71499649999998,6.9975000000000005,31.78500075,0.0,0.0,0.0,0.0,5.0,0.0,0.0,1.0,352.237495
2020-09-08,17.030001000000002,25.35,131.229996,7.03,32.380001,1759.0,33319.0,0.8538273777721909,0.0264924023154848,6.0,0.0,-2.0,3.0,330.209991
2020-09-09,18.09,25.290001,131.130005,6.97,31.950001,0.0,0.0,0.0,0.0,5.0,3.0,-1.0,1.0,366.279999
2020-09-10,17.74,24.93,130.179993,6.91,30.17,0.0,0.0,0.0,0.0,12.0,1.0,0.0,2.0,371.339996
2020-09-11,17.969998999999998,25.049999,131.339996,7.0,30.459999,0.0,0.0,0.0,0.0,10.0,0.0,1.0,3.0,372.720001
2020-09-12,18.223332666666664,25.146666,132.14999866666665,7.04,30.69999933333333,0.0,0.0,0.0,0.0,1.0,2.0,0.0,0.0,388.3533323333333
2020-09-13,18.47666633333333,25.243333,132.96000133333334,7.08,30.939999666666665,-1000.0,3000.0,0.84804676451177,0.0015622944349427,4.0,0.0,1.0,0.0,403.9866636666667
2020-09-14,18.73,25.34,133.770004,7.12,31.18,0.0,0.0,0.0,0.0,3.0,0.0,0.0,2.0,419.619995
2020-09-15,19.190001,25.540001,134.029999,7.04,31.58,0.0,0.0,0.0,0.0,7.0,1.0,-1.0,0.0,449.76001
2020-09-16,19.01,24.969999,134.029999,7.02,31.790001,0.0,0.0,0.0,0.0,9.0,1.0,-1.0,2.0,441.76001
2020-09-17,19.299999,24.93,135.0,7.28,31.92,0.0,0.0,0.0,0.0,6.0,0.0,0.0,1.0,423.429993
2020-09-18,19.41,24.719999,134.25,7.23,31.5,0.0,0.0,0.0,0.0,2.0,0.0,0.0,1.0,442.1499940000001
2020-09-19,19.209999666666665,24.55333233333333,133.24000033333334,7.11,31.0,0.0,0.0,0.0,0.0,1.0,0.0,0.0,0.0,444.5633343333334
2020-09-20,19.009999333333333,24.386665666666666,132.23000066666663,6.99,30.5,0.0,0.0,0.0,0.0,2.0,0.0,0.0,0.0,446.9766746666667
2020-09-21,18.809999,24.219999,131.220001,6.87,30.0,0.0,0.0,0.0,0.0,5.0,0.0,1.0,2.0,449.39001500000006
2020-09-22,19.23,24.370001,132.25,6.78,29.440001,0.0,0.0,0.0,0.0,5.0,1.0,0.0,3.0,424.2300110000001
2020-09-23,17.959999,24.049999,133.28999299999998,6.64,29.34,0.0,0.0,0.0,0.0,15.0,0.0,2.0,4.0,380.359985
2020-09-24,17.85,23.34,131.850006,6.66,29.110001,0.0,0.0,0.0,0.0,10.0,1.0,-1.0,2.0,387.790009
2020-09-25,18.32,23.440001,132.970001,6.51,29.0,0.0,0.0,0.0,0.0,11.0,2.0,-1.0,2.0,407.339996
2020-09-26,18.483333,23.513334,133.98333233333332,6.57,29.146667,0.0,0.0,0.0,0.0,6.0,4.0,0.0,0.0,411.9600013333333
2020-09-27,18.646666,23.586667,134.99666366666668,6.63,29.293334,0.0,0.0,0.0,0.0,6.0,0.0,0.0,0.0,416.5800066666667
2020-09-28,18.809999,23.66,136.009995,6.69,29.440001,0.0,0.0,0.0,0.0,8.0,0.0,0.0,2.0,421.200012
2020-09-29,20.85,23.379999,134.25,6.6,28.74,0.0,0.0,0.0,0.0,4.0,2.0,1.0,4.0,419.070007
2020-09-30,21.219999,23.700001,132.440002,6.66,29.59,0.0,0.0,0.0,0.0,6.0,0.0,-1.0,4.0,429.01001
2020-10-01,21.76,23.700001,132.429993,6.75,30.379999,0.0,0.0,0.0,0.0,8.0,0.0,-1.0,2.0,448.160004
2020-10-02,21.18,24.120001,131.729996,6.89,30.459999,0.0,0.0,0.0,0.0,14.0,0.0,1.0,3.0,415.089996
2020-10-03,21.316666666666663,24.220000666666667,131.85333266666666,6.933333333333333,30.626665666666668,0.0,0.0,0.0,0.0,5.0,0.0,0.0,0.0,418.619995
2020-10-04,21.453333333333333,24.320000333333336,131.97666933333335,6.976666666666667,30.79333233333333,-27500.0,82500.0,0.79252438270635,0.066931982633864,1.0,1.0,0.0,0.0,422.149994
2020-10-05,21.59,24.42,132.100006,7.02,30.959999,0.0,0.0,0.0,0.0,4.0,2.0,0.0,2.0,425.679993
2020-10-06,20.67,24.48,131.259995,6.98,30.4,-3995.0,12205.0,0.8417716877756479,0.009131199842126,7.0,3.0,-1.0,1.0,413.980011
2020-10-07,21.559999,24.809999,132.429993,7.23,31.620001,0.0,0.0,0.0,0.0,5.0,1.0,0.0,2.0,425.299988
2020-10-08,21.440001,24.68,132.949997,7.35,32.209999,0.0,0.0,0.0,0.0,2.0,0.0,-1.0,0.0,425.920013
2020-10-09,21.469999,24.379999,132.080002,7.25,32.16,0.0,0.0,0.0,0.0,7.0,0.0,0.0,0.0,434.0
2020-10-10,21.596666,24.323332333333333,131.986669,7.39,32.17666633333333,0.0,0.0,0.0,0.0,3.0,0.0,0.0,0.0,436.76666266666666
2020-10-11,21.723333,24.266665666666665,131.893336,7.53,32.19333266666666,0.0,0.0,0.0,0.0,2.0,0.0,0.0,0.0,439.5333253333333
2020-10-12,21.85,24.209999,131.800003,7.67,32.209999,0.0,0.0,0.0,0.0,3.0,0.0,0.0,2.0,442.299988
2020-10-13,21.620001,24.08,132.649994,7.76,31.870001,-1000.0,3000.0,0.84804676451177,0.0015622944349427,4.0,0.0,1.0,5.0,446.6499940000001
2020-10-14,26.5,24.0,131.529999,7.57,31.67,0.0,0.0,0.0,0.0,4.0,1.0,0.0,4.0,461.299988
2020-10-15,28.07,24.059999,131.169998,7.62,32.59,0.0,0.0,0.0,0.0,10.0,1.0,-1.0,2.0,448.880005
2020-10-16,28.48,24.24,130.639999,7.67,33.450001,0.0,0.0,0.0,0.0,9.0,1.0,-2.0,1.0,439.670013
2020-10-17,28.196666333333333,24.3,130.720001,7.643333333333333,33.416666666666664,0.0,0.0,0.0,0.0,5.0,0.0,0.0,0.0,436.7233376666667
2020-10-18,27.913332666666665,24.36,130.800003,7.616666666666666,33.383332333333335,0.0,0.0,0.0,0.0,2.0,0.0,0.0,0.0,433.7766623333333
2020-10-19,27.629999,24.42,130.880005,7.59,33.349998,0.0,0.0,0.0,0.0,7.0,0.0,0.0,1.0,430.829987
2020-10-20,27.959999,24.51,131.309998,7.74,35.599998,0.0,0.0,0.0,0.0,2.0,2.0,0.0,2.0,421.940002
2020-10-21,27.860001,24.809999,133.139999,7.85,35.77,0.0,0.0,0.0,0.0,3.0,1.0,0.0,5.0,422.64001500000006
2020-10-22,27.379999,24.610001,133.419998,8.21,37.41,0.0,0.0,0.0,0.0,7.0,2.0,-3.0,2.0,425.790009
2020-10-23,27.16,24.790001,133.279999,8.16,36.830002,0.0,0.0,0.0,0.0,5.0,0.0,1.0,2.0,420.630005
2020-10-24,26.776666666666667,24.68000033333333,133.136668,8.116666666666667,36.49333466666667,0.0,0.0,0.0,0.0,4.0,1.0,0.0,0.0,420.5133363333333
2020-10-25,26.39333333333333,24.569999666666668,132.993337,8.073333333333332,36.15666733333333,0.0,0.0,0.0,0.0,1.0,0.0,0.0,0.0,420.3966676666667
2020-10-26,26.01,24.459999,132.850006,8.03,35.82,0.0,0.0,0.0,0.0,3.0,0.0,-1.0,2.0,420.279999
2020-10-27,28.440001,24.120001,132.46000700000002,7.92,34.889999,-207110.0,604330.0,0.416208345118745,0.496012037889751,3.0,0.0,-2.0,0.0,424.679993
2020-10-28,27.51,23.26,130.070007,7.7,34.09,-20000.0,60000.0,0.8082382643493929,0.0484311274832259,4.0,1.0,0.0,0.0,406.019989
2020-10-29,31.99,23.809999,131.350006,7.9,34.889999,0.0,0.0,0.0,0.0,0.0,1.0,0.0,1.0,410.829987
2020-10-30,30.58,23.620001,131.28999299999998,7.73,34.529999,0.0,0.0,0.0,0.0,2.0,0.0,0.0,1.0,388.040009
2020-10-31,31.49333333333333,23.823334000000003,131.93999699999998,7.723333333333334,34.536665666666664,0.0,0.0,0.0,0.0,0.0,0.0,0.0,0.0,392.196676
2020-11-01,32.406666666666666,24.026667,132.590001,7.716666666666667,34.54333233333333,0.0,0.0,0.0,0.0,3.0,0.0,0.0,0.0,396.353343
2020-11-02,33.32,24.23,133.240005,7.71,34.549999,-12500.0,37500.0,0.8239521459924359,0.0299302723325878,3.0,0.0,0.0,2.0,400.51001
2020-11-03,35.5,24.49,135.869995,7.88,35.349998,0.0,0.0,0.0,0.0,3.0,0.0,-1.0,-1.0,423.8999940000001
2020-11-04,37.709999,24.360001,134.160004,7.64,35.240002000000004,0.0,0.0,0.0,0.0,3.0,0.0,1.0,1.0,420.9800110000001
2020-11-05,42.349998,24.860001,137.070007,7.99,37.139999,0.0,0.0,0.0,0.0,0.0,3.0,0.0,1.0,438.089996
2020-11-06,41.630001,26.360001,137.199997,7.79,37.470001,0.0,0.0,0.0,0.0,0.0,2.0,-1.0,0.0,429.950012
2020-11-07,42.42666733333333,26.756667,138.013331,7.926666666666667,37.966667,0.0,0.0,0.0,0.0,3.0,0.0,0.0,0.0,427.05334466666665
2020-11-08,43.22333366666667,27.153333,138.826665,8.063333333333333,38.463333,0.0,0.0,0.0,0.0,4.0,0.0,0.0,0.0,424.1566773333333
2020-11-09,44.02,27.549999,139.639999,8.2,38.959999,0.0,0.0,0.0,0.0,2.0,1.0,1.0,2.0,421.26001
2020-11-10,41.549999,28.059999,139.940002,8.38,41.080002,0.0,0.0,0.0,0.0,3.0,0.0,-1.0,0.0,410.359985
2020-11-11,43.080002,28.360001,142.479996,8.33,40.560001,-600.0,1800.0,0.8488848381993991,0.000575582160242,6.0,0.0,1.0,4.0,417.130005
2020-11-12,48.299999,27.780001,139.690002,8.21,39.32,0.0,0.0,0.0,0.0,1.0,2.0,1.0,0.0,411.76001
2020-11-13,44.560001,28.209999,141.619995,8.54,41.189999,0.0,0.0,0.0,0.0,3.0,2.0,0.0,2.0,408.5
2020-11-14,44.900001333333336,28.633332666666668,142.449997,8.626666666666667,41.503333,0.0,0.0,0.0,0.0,2.0,1.0,0.0,0.0,408.363332
2020-11-15,45.24000166666666,29.05666633333333,143.279999,8.713333333333333,41.816667,0.0,0.0,0.0,0.0,2.0,3.0,0.0,1.0,408.226664
2020-11-16,45.580002,29.48,144.110001,8.8,42.130001,0.0,0.0,0.0,0.0,5.0,2.0,-1.0,4.0,408.089996
2020-11-17,46.59,29.190001,142.740005,8.75,41.98,-43610.0,130830.0,0.7587709649370921,0.106671819497435,7.0,2.0,0.0,4.0,441.609985
2020-11-18,45.060001,28.58,141.830002,8.82,42.720001,0.0,0.0,0.0,0.0,9.0,1.0,0.0,2.0,486.64001500000006
2020-11-19,48.450001,28.450001,140.919998,8.82,42.82,0.0,0.0,0.0,0.0,6.0,1.0,0.0,2.0,499.269989
2020-11-20,49.25,28.780001,142.130005,8.74,43.040001,0.0,0.0,0.0,0.0,6.0,0.0,0.0,0.0,489.609985
2020-11-21,51.29333366666667,28.890001,142.50666833333335,8.78,43.61666733333334,0.0,0.0,0.0,0.0,5.0,1.0,0.0,1.0,500.3566486666666
2020-11-22,53.33666733333333,29.000001,142.88333166666666,8.82,44.19333366666667,0.0,0.0,0.0,0.0,4.0,0.0,0.0,0.0,511.1033123333333
2020-11-23,55.380001,29.110001,143.259995,8.86,44.77,0.0,0.0,0.0,0.0,5.0,0.0,0.0,3.0,521.849976
2020-11-24,53.509998,29.73,143.839996,9.45,46.459999,0.0,0.0,0.0,0.0,11.0,1.0,0.0,1.0,555.380005
2020-11-25,53.689999,29.35,141.309998,9.08,45.459999,0.0,0.0,0.0,0.0,15.0,1.0,0.0,4.0,574.0
2020-11-26,53.8449995,29.05,140.735001,9.085,45.26,0.0,0.0,0.0,0.0,10.0,1.0,0.0,0.0,579.880005
2020-11-27,54.0,28.75,140.160004,9.09,45.060001,0.0,0.0,0.0,0.0,1.0,0.0,-1.0,2.0,585.76001
2020-11-28,52.843333,28.40666633333333,138.260005,9.086666666666666,44.653334,0.0,0.0,0.0,0.0,3.0,0.0,0.0,-1.0,579.7066653333333
2020-11-29,51.686666,28.063332666666664,136.36000600000003,9.083333333333334,44.246667,0.0,0.0,0.0,0.0,5.0,0.0,-1.0,0.0,573.6533206666667
2020-11-30,50.529999,27.719999,134.46000700000002,9.08,43.84,0.0,0.0,0.0,0.0,10.0,0.0,0.0,2.0,567.599976
2020-12-01,45.360001,28.360001,136.139999,9.24,44.68,-12500.0,37500.0,0.8239521459924359,0.0299302723325878,6.0,0.0,1.0,1.0,584.76001
2020-12-02,47.98,29.129999,136.339996,9.2,44.580002,0.0,0.0,0.0,0.0,11.0,1.0,0.0,1.0,568.820007
2020-12-03,45.349998,29.35,136.850006,9.21,44.09,0.0,0.0,0.0,0.0,9.0,0.0,-3.0,2.0,593.380005
2020-12-04,43.040001,30.18,138.279999,9.34,44.400002,0.0,0.0,0.0,0.0,2.0,1.0,0.0,0.0,599.039978
2020-12-05,43.730001,30.05666633333333,138.236664,9.3,44.37000166666667,0.0,0.0,0.0,0.0,2.0,0.0,0.0,1.0,613.2799886666667
2020-12-06,44.420001000000006,29.933332666666665,138.193329,9.26,44.34000133333333,0.0,0.0,0.0,0.0,5.0,1.0,0.0,0.0,627.5199993333333
2020-12-07,45.110001,29.809999,138.149994,9.22,44.310001,4893.0,30941.0,0.860393685114764,0.0245370674911196,5.0,3.0,0.0,1.0,641.76001
2020-12-08,46.560001,29.68,138.740005,9.25,43.799999,-43610.0,130830.0,0.7587709649370921,0.106671819497435,14.0,1.0,0.0,3.0,649.880005
2020-12-09,44.009998,29.969999,140.880005,9.45,44.43,0.0,0.0,0.0,0.0,10.0,3.0,0.0,4.0,604.47998
2020-12-10,45.220001,29.559999,143.070007,9.12,42.869999,0.0,0.0,0.0,0.0,7.0,1.0,-1.0,4.0,627.070007
2020-12-11,41.98,29.34,151.0,9.02,41.919998,0.0,0.0,0.0,0.0,4.0,0.0,0.0,1.0,609.98999
2020-12-12,41.64666666666666,29.306666666666665,151.86000066666668,8.983333333333333,41.81999833333333,0.0,0.0,0.0,0.0,5.0,0.0,-1.0,1.0,619.9366656666667
2020-12-13,41.31333333333333,29.273333333333333,152.72000133333333,8.946666666666667,41.71999866666667,0.0,0.0,0.0,0.0,5.0,0.0,-1.0,1.0,629.8833413333333
2020-12-14,40.98,29.24,153.580002,8.91,41.619999,-10000.0,30000.0,0.8291901065401172,0.0237633206157085,5.0,0.0,0.0,0.0,639.830017
2020-12-15,43.5,29.65,152.850006,9.15,41.66,0.0,0.0,0.0,0.0,5.0,0.0,0.0,0.0,633.25
2020-12-16,44.669998,29.459999,155.089996,9.04,41.419998,0.0,0.0,0.0,0.0,9.0,0.0,0.0,0.0,622.77002
2020-12-17,46.0,29.32,154.639999,9.08,42.029999,0.0,0.0,0.0,0.0,2.0,0.0,0.0,2.0,655.900024
2020-12-18,46.720001,29.75,153.770004,8.95,41.009998,-40000.0,40000.0,0.7663345799679441,0.0319859229048809,3.0,0.0,0.0,3.0,695.0
2020-12-19,47.463334333333336,29.5,153.10333733333334,8.943333333333333,41.076665,0.0,0.0,0.0,0.0,11.0,2.0,-1.0,0.0,679.9533283333333
2020-12-20,48.20666766666667,29.25,152.43667066666666,8.936666666666666,41.143332,0.0,0.0,0.0,0.0,4.0,5.0,0.0,-1.0,664.9066566666667
2020-12-21,48.950001,29.0,151.770004,8.93,41.209999,0.0,0.0,0.0,0.0,7.0,1.0,-2.0,2.0,649.8599849999999
2020-12-22,47.580002,28.809999,150.770004,8.79,40.900002,0.0,0.0,0.0,0.0,7.0,0.0,-2.0,1.0,640.340027
2020-12-23,47.009998,28.690001,151.160004,8.99,42.450001,0.0,0.0,0.0,0.0,3.0,0.0,0.0,1.0,645.97998
2020-12-24,45.77,28.559999,150.470001,8.86,41.580002,0.0,0.0,0.0,0.0,4.0,2.0,1.0,1.0,661.77002
2020-12-25,45.34250025,28.51999925,151.00250225,8.8675,41.6000015,0.0,0.0,0.0,0.0,1.0,1.0,0.0,0.0,662.2500155
2020-12-26,44.915000500000005,28.4799995,151.53500350000002,8.875,41.620001,0.0,0.0,0.0,0.0,5.0,0.0,0.0,0.0,662.730011
2020-12-27,44.48750075,28.43999975,152.06750475,8.8825,41.6400005,0.0,0.0,0.0,0.0,0.0,0.0,1.0,0.0,663.2100065
2020-12-28,44.060001,28.4,152.600006,8.89,41.66,0.0,0.0,0.0,0.0,4.0,0.0,0.0,3.0,663.6900019999999
2020-12-29,46.139999,28.219999,153.339996,8.82,41.57,0.0,0.0,0.0,0.0,5.0,1.0,-1.0,1.0,665.98999
2020-12-30,48.380001,28.16,154.089996,8.86,41.84,-1000.0,3000.0,0.84804676451177,0.0015622944349427,9.0,0.0,0.0,2.0,694.780029
2020-12-31,48.740002,28.25,154.570007,8.79,41.639999,0.0,0.0,0.0,0.0,15.0,1.0,0.0,1.0,705.669983
2021-01-01,49.927502,28.1275,154.2500035,8.7225,41.35749875,0.0,0.0,0.0,0.0,13.0,0.0,0.0,1.0,711.69499225
2021-01-02,51.115002,28.005000000000003,153.93,8.655,41.07499849999999,0.0,0.0,0.0,0.0,4.0,2.0,0.0,1.0,717.7200015000001
2021-01-03,52.302502,27.8825,153.6099965,8.587499999999999,40.79249825,0.0,0.0,0.0,0.0,10.0,0.0,0.0,0.0,723.74501075
2021-01-04,53.490002,27.76,153.28999299999998,8.52,40.509998,0.0,0.0,0.0,0.0,3.0,1.0,1.0,5.0,729.77002
2021-01-05,53.200001,27.6,153.399994,8.65,41.66,-13885.0,41655.0,0.8210503158490209,0.0333467635837389,4.0,0.0,-1.0,0.0,735.1099849999999
2021-01-06,50.5,28.24,153.529999,8.84,42.98,0.0,0.0,0.0,0.0,3.0,0.0,0.0,1.0,755.97998
2021-01-07,54.279999,28.17,152.669998,9.06,43.32,0.0,0.0,0.0,0.0,8.0,2.0,-1.0,1.0,816.039978
2021-01-08,58.919998,28.18,152.850006,9.0,43.060001,-4100.0,12300.0,0.841551693432645,0.0092093145638731,6.0,0.0,-1.0,1.0,880.0200199999999
2021-01-09,60.179999,28.17,153.03000366666666,9.1,43.71,0.0,0.0,0.0,0.0,8.0,0.0,0.0,0.0,857.0766806666666
2021-01-10,61.44,28.16,153.21000133333334,9.2,44.359999,0.0,0.0,0.0,0.0,2.0,0.0,-1.0,1.0,834.1333413333333
2021-01-11,62.700001,28.15,153.389999,9.3,45.009998,0.0,0.0,0.0,0.0,1.0,0.0,-1.0,1.0,811.1900019999999
2021-01-12,62.040001,28.0,151.75,9.78,47.82,0.0,0.0,0.0,0.0,7.0,2.0,0.0,1.0,849.4400019999999
2021-01-13,62.150002,28.030001,150.649994,9.78,48.73,10000.0,10000.0,0.8710937909215671,0.0073181160373635,5.0,2.0,-1.0,1.0,854.409973
2021-01-14,60.869999,28.25,151.339996,10.17,51.529999,-20000.0,20000.0,0.8082382643493929,0.015540718326536,3.0,1.0,0.0,1.0,845.0
2021-01-15,56.27,27.4,148.410004,9.83,49.970001,0.0,0.0,0.0,0.0,9.0,0.0,0.0,1.0,826.159973
2021-01-16,56.81249975,27.42,148.34000425000002,9.8775,51.187500750000005,0.0,0.0,0.0,0.0,4.0,0.0,0.0,1.0,830.75747675
2021-01-17,57.354999500000005,27.44,148.27000450000003,9.925,52.4050005,0.0,0.0,0.0,0.0,2.0,0.0,0.0,0.0,835.3549805
2021-01-18,57.89749925,27.46,148.20000475,9.9725,53.62250025,0.0,0.0,0.0,0.0,5.0,1.0,0.0,0.0,839.9524842500001
2021-01-19,58.439999,27.48,148.130005,10.02,54.84,0.0,0.0,0.0,0.0,3.0,0.0,-2.0,2.0,844.5499880000001
2021-01-20,57.709999,27.950001,149.979996,10.86,55.860001,0.0,0.0,0.0,0.0,4.0,0.0,-3.0,2.0,850.4500119999999
2021-01-21,58.34,28.25,151.339996,11.53,55.080002,0.0,0.0,0.0,0.0,5.0,0.0,1.0,3.0,844.98999
2021-01-22,61.950001,27.59,147.949997,11.52,55.400002,0.0,0.0,0.0,0.0,4.0,1.0,0.0,0.0,846.6400150000001
2021-01-23,61.296668,27.473333333333333,147.53999833333333,11.443333333333332,54.730001,0.0,0.0,0.0,0.0,1.0,1.0,0.0,0.0,858.0266726666667
2021-01-24,60.643335,27.356666666666666,147.12999966666666,11.366666666666664,54.06,0.0,0.0,0.0,0.0,3.0,3.0,0.0,1.0,869.4133303333334
2021-01-25,59.990002,27.24,146.720001,11.29,53.389999,0.0,0.0,0.0,0.0,4.0,0.0,-1.0,2.0,880.7999880000001
2021-01-26,60.310001,27.379999,145.979996,11.19,52.040001,0.0,0.0,0.0,0.0,9.0,1.0,-1.0,2.0,883.090027
2021-01-27,57.150002,26.82,142.639999,10.79,49.34,0.0,0.0,0.0,0.0,0.0,0.0,0.0,4.0,864.159973
2021-01-28,58.369999,26.950001,143.300003,10.72,51.040001,-1000.0,3000.0,0.84804676451177,0.0015622944349427,6.0,4.0,-1.0,2.0,835.429993
2021-01-29,57.0,26.48,140.520004,10.53,50.68,0.0,0.0,0.0,0.0,3.0,1.0,0.0,0.0,793.530029
2021-01-30,57.0,26.48,140.520004,10.53,50.68,0.0,0.0,0.0,0.0,2.0,0.0,0.0,0.0,793.530029
2021-01-31,57.0,26.48,140.520004,10.53,50.68,0.0,0.0,0.0,0.0,3.0,4.0,0.0,0.0,793.530029
2021-02-01,57.0,26.48,140.520004,10.53,50.68,0.0,0.0,0.0,0.0,0.0,2.0,0.0,3.0,793.530029
2021-02-02,57.0,26.48,140.520004,10.53,50.68,0.0,0.0,0.0,0.0,0.0,1.0,1.0,0.0,793.530029
