,Close_NIO_sqrt,Close_NIO,Close_NIO_square,Close_Toyota_square,Close_Toyota,Close_Toyota_sqrt,Close_Ford,Close_Honda_square,Close_Honda,Close_Honda_sqrt,Close_Ford_square
0,1.9287301521985911,3.72,13.838400000000002,20232.219022400022,142.240005,11.92644142231873,9.42,820.2495427200009,28.639999,5.351635170674474,88.7364
1,1.9570385790780926,3.83,14.6689,19810.5625,140.75,11.863810517704673,9.21,791.2968437400011,28.129999,5.303772148197922,84.82410000000002
2,1.944222209522358,3.78,14.2884,19812.43958646222,140.756668,11.864091537071012,9.193333333333332,789.7972882377786,28.10333233333333,5.301257618087743,84.51737777777774
3,1.9313207915827966,3.73,13.9129,19814.3167618489,140.763336,11.86437254978113,9.176666666666668,788.2991549577788,28.076665666666667,5.2987418947016725,84.21121111111113
4,1.9183326093250879,3.68,13.5424,19816.194026160018,140.770004,11.8646535558355,9.16,786.802443900001,28.049999,5.296224976339279,83.9056
5,1.8,3.24,10.497600000000002,20025.078684900025,141.509995,11.89579736713769,9.25,795.804043580001,28.209999,5.311308595817042,85.5625
6,1.841195263952197,3.39,11.4921,19926.14672928001,141.160004,11.881077560558216,9.25,791.2968437400011,28.129999,5.303772148197922,85.5625
7,1.8601075237738274,3.46,11.9716,19743.058694900024,140.509995,11.853691197260034,9.26,785.6809560600009,28.030001,5.294336691220157,85.74759999999999
8,1.8734993995195195,3.51,12.320099999999998,19524.471782160017,139.729996,11.820744308206654,9.25,768.3983445600011,27.719999,5.264978537468125,85.5625
9,1.8903262505010434,3.5733333333333333,12.768711111111111,19601.865777733346,140.00666333333334,11.832441140074746,9.246666666666666,774.3233592266665,27.82666633333333,5.275098703657907,85.50084444444444
10,1.9070046320517067,3.6366666666666654,13.225344444444435,19679.412862933343,140.28333066666667,11.844126420579386,9.243333333333334,780.2711297333332,27.933333666666663,5.285199491662227,85.43921111111112
11,1.9235384061671346,3.7,13.690000000000001,19757.113037760006,140.559998,11.855800183876244,9.24,786.241656080001,28.040001,5.295281012373187,85.3776
12,1.9390719429665315,3.76,14.137599999999999,19703.73549630002,140.369995,11.847784392028746,9.29,777.2943442400011,27.879999,5.280151418283381,86.30409999999999
13,2.071231517720798,4.29,18.4041,19421.209878720005,139.360001,11.8050836930536,9.19,762.312155220001,27.610001,5.2545219573239965,84.45609999999999
14,2.090454496036687,4.37,19.0969,19628.011681200038,140.100006,11.836384836596013,9.17,763.969544720001,27.639999,5.257375676133483,84.0889
15,2.1610182784974308,4.67,21.808899999999998,19611.199639440045,140.03999299999998,11.833849458227867,9.16,771.728455560001,27.780001,5.270673676106309,83.9056
16,2.189748844045819,4.795,22.992024999999998,19775.389500000012,140.62499599999998,11.858541056976613,9.1725,769.0915978487506,27.73250075,5.2661656591869574,84.13475625
17,2.2181073012818833,4.92,24.2064,19940.263817579995,141.20999899999998,11.88318135012674,9.185,766.4592526850003,27.6850005,5.261653779944097,84.364225
18,2.24610774452162,5.045,25.452025,20105.822592180008,141.795002,11.907770656172382,9.197500000000002,763.8314200687499,27.63750025,5.257138028433341,84.59400625000004
19,2.2737634001804143,5.17,26.7289,20272.06582380003,142.380005,11.932309290325993,9.21,761.2081,27.59,5.252618394667558,84.82410000000002
20,2.188606862823929,4.79,22.9441,20039.233033760007,141.559998,11.897898890140226,9.16,752.953654880001,27.440001,5.238320436933961,83.9056
21,2.2181073012818833,4.92,24.2064,20466.163027760005,143.059998,11.96076912242687,9.14,751.3081,27.41,5.23545604508337,83.53960000000001
22,2.1587033144922905,4.66,21.715600000000002,20380.416172400026,142.759995,11.948221415758915,9.0,723.072046220001,26.889999,5.185556768564008,81.0
23,2.107921567168317,4.443333333333333,19.743211111111112,20218.942906897795,142.19332933333334,11.924484447276257,8.963333333333333,715.3841242844453,26.746665666666665,5.171717864178852,80.34134444444443
24,2.055885859347903,4.226666666666667,17.86471111111111,20058.11186135112,141.62666366666667,11.900700133465538,8.926666666666668,707.7372912377787,26.60333233333333,5.1578418290340515,79.6853777777778
25,2.0024984394500787,4.01,16.080099999999998,19897.923035760006,141.059998,11.876868189889118,8.89,700.131547080001,26.459999,5.143928362642699,79.03210000000001
26,2.0518284528683193,4.21,17.7241,20329.056970320005,142.580002,11.94068683116679,8.97,701.7200999999999,26.49,5.146843692983108,80.46090000000001
27,2.0663978319771825,4.27,18.232899999999997,20036.40334930001,141.550003,11.897478850580068,8.86,704.902446900001,26.549999,5.152669114158215,78.49959999999999
28,2.0199009876724157,4.08,16.6464,19903.566964320005,141.080002,11.877710301232305,8.84,697.4881,26.41,5.139066063011839,78.1456
29,1.944222209522358,3.78,14.2884,19276.54448928002,138.839996,11.783038487588845,8.82,655.3600000000001,25.6,5.059644256269407,77.7924
30,1.9680785892167347,3.873333333333333,15.00271111111111,19283.950185333342,138.86666333333332,11.784170031586159,8.873333333333333,660.3186606466668,25.696666333333333,5.069187936280656,78.73604444444445
31,1.9916492328386204,3.9666666666666655,15.734444444444435,19291.357303680004,138.89333066666666,11.785301466940362,8.926666666666668,665.2960100533338,25.793332666666668,5.078713682288722,79.6853777777778
32,2.0149441679609885,4.06,16.483599999999996,19298.76584432,138.919998,11.786432793682744,8.98,670.292048220001,25.889999,5.088221595017261,80.64040000000001
33,2.12367605815953,4.51,20.3401,19866.901654300007,140.949997,11.872236394209812,9.18,679.6449,26.07,5.105878964487897,84.27239999999999
34,2.0952326839756963,4.39,19.2721,20084.55868344,141.720001,11.904620993547,8.31,692.2160473800011,26.309999,5.129327343814197,69.05610000000001
35,2.0199009876724157,4.08,16.6464,20692.82422620004,143.850006,11.993748621677879,8.25,704.902446900001,26.549999,5.152669114158215,68.0625
36,1.9519221295943134,3.81,14.5161,20260.67446128002,142.339996,11.930632673919687,8.11,701.7200999999999,26.49,5.146843692983108,65.7721
37,1.9570385790780926,3.83,14.6689,20160.21265919112,141.98666366666666,11.91581569455766,8.093333333333334,705.7877600666666,26.56666633333333,5.154286209877497,65.50204444444445
38,1.9621416870348585,3.85,14.822500000000002,20060.000544577782,141.63333133333333,11.900980267748254,8.076666666666666,709.8671755866669,26.643332666666662,5.161717995654805,65.23254444444444
39,1.9672315572906003,3.87,14.9769,19960.038117440003,141.279999,11.88612632441705,8.06,713.958346560001,26.719999,5.169139096600129,64.96360000000001
40,1.98997487421324,3.96,15.6816,20195.252384220003,142.110001,11.920989933726142,8.1,724.6864,26.92,5.1884487084291395,65.61
41,2.0174241001832014,4.07,16.5649,20286.302905980046,142.429993,11.93440375552964,8.24,737.6656,27.16,5.2115256883181535,67.8976
42,2.0074859899884734,4.03,16.240900000000003,19909.21169320004,141.100006,11.878552352875328,8.25,733.3263999999999,27.08,5.203844732503075,68.0625
43,1.9416487838947598,3.77,14.2129,19642.020818200035,140.149994,11.838496272753563,8.1,717.1684535600009,26.780001,5.174939709793729,65.61
44,1.943579172557681,3.7775,14.26950625,19588.10089652626,139.95749675,11.830363339728835,8.09,720.7882830975002,26.8475005,5.181457372207167,65.4481
45,1.945507645834372,3.785,14.326225,19534.255085234996,139.7649995,11.822224811768722,8.08,724.4172249999999,26.915,5.187966846463072,65.2864
46,1.9474342094150447,3.7925,14.38305625,19480.48338432626,139.57250225,11.814080677310445,8.07,728.0552792675002,26.9824995,5.19446816334454,65.12490000000001
47,1.9493588689617927,3.8,14.44,19426.785793800027,139.380005,11.805930924751339,8.06,731.702445900001,27.049999,5.200961353442265,64.96360000000001
48,2.0199009876724157,4.08,16.6464,18999.86449728002,137.839996,11.740527926801247,8.0,733.3263999999999,27.08,5.203844732503075,64.0
49,2.0639767440550294,4.26,18.147599999999997,19351.592378220004,139.110001,11.79449028148313,8.03,746.9288999999999,27.33,5.227810249043093,64.48089999999999
50,2.0199009876724157,4.08,16.6464,19332.119653440044,139.03999299999998,11.791522081563516,7.89,731.702445900001,27.049999,5.200961353442265,62.25209999999999
51,2.0033305601755624,4.013333333333334,16.106844444444448,18912.666385971115,137.52333033333332,11.727034166119468,7.783333333333333,713.6021599688889,26.713333,5.168494268159732,60.58027777777777
52,1.9866219234335116,3.9466666666666654,15.576177777777769,18497.81364979111,136.00666766666666,11.662189660036688,7.676666666666667,695.7285620288891,26.376667,5.135821940059838,58.93121111111111
53,1.969771560359221,3.88,15.0544,18087.561444900024,134.490005,11.596982581689083,7.57,678.081652080001,26.040001,5.102940426851954,57.3049
54,2.0976176963403033,4.4,19.360000000000003,17964.040631940003,134.029999,11.577132589721861,7.23,668.739651720001,25.860001,5.085272952359588,52.27290000000001
55,2.083266665599966,4.34,18.8356,18260.118251300028,135.130005,11.62454321683222,7.21,693.7956,26.34,5.132250968142536,51.9841
56,2.0346989949375804,4.14,17.139599999999998,17265.958423200034,131.399994,11.462983643013715,6.97,671.8464000000001,25.92,5.091168824543142,48.5809
57,2.0322401432901573,4.13,17.0569,17095.5625,130.75,11.434596626029272,6.96,658.4356,25.66,5.065570056765576,48.4416
58,2.0305992547357374,4.123333333333333,17.001877777777775,17266.836624326672,131.40333566666666,11.463129401113235,7.04,663.405894948889,25.756667,5.075102659060208,49.5616
59,2.0289570391377603,4.116666666666667,16.946944444444448,17438.964443640027,132.05667133333336,11.491591331636075,7.12,668.394878915556,25.853334,5.0846173897354365,50.6944
60,2.0273134932713295,4.11,16.892100000000003,17611.945957940054,132.71000700000002,11.519982942695705,7.2,673.4025519000011,25.950001,5.094114348932501,51.84
61,2.0149441679609885,4.06,16.483599999999996,17147.90171430001,130.949997,11.443338542575763,6.97,654.3363999999999,25.58,5.057667446560717,48.5809
62,1.9672315572906003,3.87,14.9769,17384.42408220004,131.850006,11.482595786667751,7.08,674.9604,25.98,5.0970579749498635,50.126400000000004
63,1.9287301521985911,3.72,13.838400000000002,16692.63922480001,129.199997,11.36661765874088,6.74,664.608451560001,25.780001,5.07740100839002,45.427600000000005
64,1.8841443681416772,3.55,12.6025,16156.95235422,127.110001,11.274307118399783,6.49,628.5049,25.07,5.006995106848018,42.1201
65,1.8610033136277144,3.4633333333333334,11.994677777777778,15792.94915134,125.670001,11.210263199407942,6.293333333333334,599.2703836800001,24.479999666666668,4.947726717055689,39.60604444444445
66,1.837570860311696,3.3766666666666665,11.401877777777777,15433.09314846,124.230001,11.145851290951265,6.096666666666667,570.7320681466668,23.88999933333333,4.887739695742126,37.16934444444445
67,1.8138357147217055,3.29,10.8241,15077.384345580002,122.790001,11.08106497589469,5.9,542.889953400001,23.299999,4.827007250875018,34.81
68,1.8708286933869707,3.5,12.25,16126.459592040004,126.989998,11.268983893856625,6.26,589.0328999999999,24.27,4.92645917470144,39.187599999999996
69,1.8220867158288598,3.32,11.0224,15077.384345580002,122.790001,11.08106497589469,5.9,555.0735528800011,23.559999,4.853864336793932,34.81
70,1.7691806012954132,3.13,9.796899999999999,12588.839326800007,112.199997,10.59244999988199,5.35,460.102542900001,21.450001,4.631414578722143,28.622499999999995
71,1.7635192088548397,3.11,9.672099999999999,13509.413597380008,116.230003,10.78100194787108,5.63,483.1204,21.98,4.688283267892417,31.6969
72,1.7473789896108207,3.053333333333333,9.32284444444444,12917.080632391111,113.65333533333332,10.66083183120967,5.423333333333333,458.2453777777776,21.406666666666663,4.626733909213568,29.41254444444444
73,1.7310882896798379,2.9966666666666666,8.98001111111111,12338.026099931116,111.07666766666668,10.539291611235866,5.216666666666667,434.0277777777779,20.833333333333336,4.564354645876384,27.213611111111113
74,1.7146428199482247,2.94,8.6436,11772.25,108.5,10.41633332799983,5.01,410.46760000000006,20.26,4.50111097397076,25.100099999999998
75,1.70293863659264,2.9,8.41,14134.831862220002,118.889999,10.903669061375625,5.01,452.83844256000094,21.280001,4.613025146257063,25.100099999999998
76,1.5588457268119895,2.43,5.9049000000000005,13472.244899999998,116.07,10.77357879258327,4.5,439.7408580600011,20.969999,4.579301147555159,20.25
77,1.5427248620541512,2.38,5.6644,13978.333609380008,118.230003,10.873362083550791,4.47,446.899557720001,21.139999,4.597825464282002,19.9809
78,1.5491933384829668,2.4,5.76,13562.93136708,116.459999,10.79166340283091,4.33,430.14759999999995,20.74,4.55411901469428,18.7489
79,1.5459624833740306,2.39,5.7121,13149.973071982224,114.673332,10.708563489096004,4.223333333333334,418.06619140888904,20.446667,4.5217990888583275,17.836544444444446
80,1.5427248620541512,2.38,5.6644,12743.399134822224,112.886665,10.624813645424563,4.116666666666666,406.15687131555603,20.153334,4.489246484656418,16.94694444444444
81,1.5394804318340654,2.37,5.6169,12343.209555600004,111.099998,10.540398379568014,4.01,394.41963972000104,19.860001,4.456456103228215,16.080099999999998
82,1.61245154965971,2.6,6.760000000000001,13537.322034600003,116.349998,10.786565625814363,4.95,472.6275999999999,21.74,4.662617290749907,24.5025
83,1.6613247725836149,2.76,7.617599999999999,14711.264342580002,121.290001,11.013173974835775,5.39,518.9284455600009,22.780001,4.772839930272123,29.052099999999996
84,1.711724276862369,2.93,8.584900000000001,15961.794589280016,126.339996,11.240106583124557,5.25,560.7424,23.68,4.866210024238575,27.5625
85,1.6852299546352716,2.84,8.0656,16190.017091040005,127.239998,11.280070833110933,5.19,533.1481,23.09,4.805205510693585,26.936100000000003
86,1.6723237326147908,2.7966666666666664,7.821344444444443,16019.120857977781,126.56666566666668,11.25018513921734,5.136666666666667,538.0853444444443,23.196666666666665,4.81629179625432,26.385344444444446
87,1.6593171286204857,2.7533333333333334,7.580844444444445,15849.131377777774,125.89333333333332,11.22021984336017,5.083333333333334,543.0453444444444,23.30333333333333,4.827352621606726,25.840277777777782
88,1.6462077633154328,2.71,7.3441,15680.04865044,125.220001,11.190174306059758,5.03,548.0281,23.41,4.838388161361178,25.300900000000002
89,1.6673332000533065,2.78,7.728399999999999,14388.001780300008,119.949997,10.952168598044864,4.83,504.451555080001,22.459999,4.739198138926036,23.3289
90,1.6278820596099706,2.65,7.0225,13621.22386658,116.709999,10.803240208381927,4.4,444.36639999999994,21.08,4.591296113299598,19.360000000000003
91,1.5459624833740306,2.39,5.7121,13881.552399999999,117.82,10.854492157627643,4.36,435.97435824000104,20.879999,4.569463754096317,19.009600000000002
92,1.5491933384829668,2.4,5.76,13225.0,115.0,10.723805294763608,4.24,394.41963972000104,19.860001,4.456456103228215,17.977600000000002
93,1.556705923844749,2.4233333333333333,5.872544444444444,13799.201213253331,117.47000133333331,10.838357870698555,4.336666666666667,416.16002720000046,20.400000666666667,4.516635990055726,18.80667777777778
94,1.5641824275533422,2.4466666666666668,5.986177777777779,14385.604239680011,119.94000266666669,10.951712316650154,4.433333333333334,438.4836139600001,20.940000333333334,4.576024511880736,19.654444444444447
95,1.5716233645501712,2.47,6.100900000000001,14984.209079280015,122.410004,11.063905458742857,4.53,461.3904,21.48,4.634652090502587,20.5209
96,1.6431676725154984,2.7,7.290000000000001,14859.610487600004,121.900002,11.040833392457293,4.71,470.890043400001,21.700001,4.658325986875543,22.1841
97,1.6552945357246849,2.74,7.507600000000001,15262.131847080002,123.540001,11.114854969814047,5.03,489.7368557400011,22.129999,4.704253288248838,25.300900000000002
98,1.6340134638368191,2.67,7.1289,15230.029087280016,123.410004,11.10900553605047,5.37,498.62889999999993,22.33,4.725462940284264,28.8369
99,1.6568041525780892,2.745,7.535025000000001,15097.65211635751,122.8725035,11.08478702997942,5.3175,493.95062500000006,22.225,4.714339826529267,28.27580625
100,1.6792855623746665,2.8200000000000003,7.952400000000002,14965.85295901001,122.335003,11.060515494315805,5.265000000000001,489.29440000000005,22.12,4.703190406521939,27.720225000000006
101,1.7014699527173556,2.895,8.381025,14834.631615237504,121.7975025,11.036190579180843,5.2125,484.660225,22.015,4.69201449273124,27.170156250000005
102,1.7233687939614086,2.97,8.820900000000002,14703.988085040004,121.260002,11.011811930831366,5.16,480.04810000000003,21.91,4.6808118953873805,26.625600000000002
103,1.7349351572897471,3.01,9.060099999999998,15535.129350720003,124.639999,11.164228544776392,5.29,485.761644080001,22.040001,4.694677944225781,27.9841
104,1.7888543819998317,3.2,10.240000000000002,15126.539608040004,122.989998,11.090085572257772,5.03,458.3881,21.41,4.62709412050371,25.300900000000002
105,1.8027756377319946,3.25,10.5625,14842.549387320003,121.830002,11.037662886680314,4.94,441.42010000000005,21.01,4.583666654546336,24.403600000000004
106,1.7916472867168918,3.21,10.3041,15527.65234922,124.610001,11.162884976564078,5.12,512.116854740001,22.629999,4.757099851800464,26.2144
107,1.78978583448784,3.203333333333333,10.261344444444443,15287.673960206666,123.64333366666666,11.119502401936279,5.073333333333333,507.6008699600004,22.529999333333333,4.746577644296291,25.73871111111111
108,1.7879224442538515,3.1966666666666668,10.218677777777778,15049.564462659995,122.67666633333332,11.075949906591909,5.026666666666667,503.10488504666665,22.429999666666664,4.736032059294644,25.267377777777785
109,1.786057109949175,3.19,10.1761,14813.32385658,121.709999,11.032225478116372,4.98,498.62889999999993,22.33,4.725462940284264,24.800400000000003
110,1.7378147196982767,3.02,9.1204,14561.248417320006,120.669998,10.984989667723863,4.77,474.3684435600009,21.780001,4.666904862968603,22.752899999999997
111,1.7578395831246945,3.09,9.5481,14745.244900000002,121.43,11.019528120568504,4.77,477.85964372000103,21.860001,4.675467997965551,22.752899999999997
112,1.7492855684535902,3.06,9.3636,14806.022400000002,121.68,11.030865786510141,4.89,505.35040000000004,22.48,4.741307836451879,23.912099999999995
113,1.7146428199482247,2.94,8.6436,15020.953109760003,122.559998,11.070681912149766,4.87,516.6529,22.73,4.767598976424087,23.716900000000003
114,1.7435595774162693,3.04,9.2416,15155.25080328,123.10666433333331,11.095344263849288,4.97,529.4601000000001,23.01,4.796873982084583,24.700899999999997
115,1.772004514666935,3.14,9.8596,15290.146184960005,123.65333066666666,11.119951918361277,5.07,542.4241,23.29,4.825971404805461,25.704900000000002
116,1.8,3.24,10.497600000000002,15425.639254800008,124.199997,11.14450523800855,5.17,555.5449,23.57,4.854894437575342,26.7289
117,1.8275666882497066,3.34,11.1556,15747.739598040003,125.489998,11.202231831202209,5.38,544.2888999999999,23.33,4.830113870293329,28.944399999999998
118,1.9,3.61,13.0321,16348.17985572,127.860001,11.307519666133683,5.26,570.7320522200009,23.889999,4.887739661643201,27.667599999999997
119,1.8466185312619388,3.41,11.628100000000002,15274.487111280016,123.589996,11.117103759522982,5.09,578.402451900001,24.049999,4.904079832139766,25.908099999999997
120,1.783255450012701,3.18,10.112400000000001,14670.055126720008,121.120003,11.00545333005415,4.92,526.2436458800009,22.940001,4.789572110324679,24.2064
121,1.798147194568157,3.2333333333333334,10.454444444444444,14636.160641960001,120.980001,10.999090916980366,4.9,522.7320263533336,22.86333366666667,4.781561843860923,24.010000000000005
122,1.8129166187849528,3.286666666666666,10.802177777777775,14602.305358320002,120.839999,10.992724821444408,4.88,519.2321625866667,22.786666333333333,4.773538135736776,23.8144
123,1.8275666882497066,3.34,11.1556,14568.489275800008,120.699997,10.986355037044817,4.86,515.744054580001,22.709999,4.7655009180567784,23.619600000000002
124,1.8110770276274832,3.28,10.758399999999998,14874.24135608,121.959999,11.043550108547523,4.97,523.0369457400009,22.870001,4.782258985040438,24.700899999999997
125,1.9026297590440449,3.62,13.1044,14781.696886320002,121.580002,11.026332209760415,4.87,522.1225000000001,22.85,4.780167361086848,23.716900000000003
126,1.905255888325765,3.63,13.1769,14767.10967088001,121.519997,11.02361088754497,4.87,519.384145580001,22.790001,4.773887409648451,23.716900000000003
127,1.9416487838947598,3.77,14.2129,15153.609507600004,123.099998,11.095043848493795,5.24,574.560852060001,23.969999,4.895916563831537,27.457600000000003
128,1.9390719429665315,3.76,14.137599999999999,15196.314628928887,123.273333,11.102852471324654,5.2,574.720679146667,23.973332666666664,4.896257005781729,27.040000000000003
129,1.9364916731037085,3.75,14.0625,15239.079840302225,123.446668,11.110655606218744,5.16,574.8805284599999,23.97666633333333,4.896597424062278,26.625600000000002
130,1.9339079605813716,3.74,13.987600000000002,15281.905141720008,123.620003,11.118453264730666,5.12,575.0404,23.98,4.896937818678118,26.2144
131,1.9026297590440449,3.62,13.1044,14440.828419320005,120.169998,10.962207715601817,4.98,515.744054580001,22.709999,4.7655009180567784,24.800400000000003
132,1.8547236990991407,3.44,11.833599999999999,13867.418071040003,117.760002,10.85172806515165,4.72,531.302453900001,23.049999,4.801041449519052,22.278399999999998
133,1.857417562100671,3.45,11.902500000000002,13677.301798300008,116.949997,10.81434218988839,4.89,513.9289000000001,22.67,4.761302342846966,23.912099999999995
134,1.835755975068582,3.37,11.356900000000001,13663.271866220002,116.889999,10.81156783265036,4.9,526.2436458800009,22.940001,4.789572110324679,24.010000000000005
135,1.857417562100671,3.45,11.902500000000002,13865.062421500004,117.74999966666668,10.851267191746164,5.036666666666667,540.5625465000011,23.250001,4.821825484191646,25.368011111111116
136,1.8788294228055935,3.53,12.460899999999999,14068.33217907333,118.61000033333332,10.89082183920632,5.173333333333333,555.0736471200012,23.560001000000003,4.8538645428153435,26.763377777777773
137,1.9,3.61,13.0321,14273.08113894,119.470001,10.930233346091015,5.31,569.7769477400009,23.870001,4.885693502462061,28.196099999999994
138,1.9209372712298547,3.69,13.6161,13975.96863644,118.220001,10.872902142482475,5.3,561.690047400001,23.700001,4.868264680561237,28.09
139,1.865475810617763,3.48,12.1104,14356.832399999998,119.82,10.946232228488485,5.49,581.292148220001,24.110001,4.910193580705347,30.140100000000004
140,1.8248287590894658,3.33,11.0889,13912.201792300008,117.949997,10.860478672692102,5.63,563.1129,23.73,4.87134478352744,31.6969
141,1.8083141320025125,3.27,10.6929,13820.353129760002,117.559998,10.842508842514263,5.65,557.4321472200011,23.610001,4.859012348204108,31.922500000000003
142,1.8459414941974732,3.4075,11.61105625,14208.04370825625,119.19749875,10.917760702176981,5.6975,585.8820613075005,24.20500075,4.919857797741719,32.46150625
143,1.882817038376273,3.545,12.567025,14601.097104165,120.8349995,10.992497418694262,5.745,615.0400248000002,24.8000005,4.9799598893967,33.005025
144,1.918984106239549,3.6825,13.56080625,14999.51331748625,122.47250025,11.066729428787893,5.7925,644.9060376975,25.39500025,5.0393452203634554,33.553056250000004
145,1.9544820285692064,3.82,14.5924,15403.29234822,124.110001,11.140466821457707,5.84,675.4800999999999,25.99,5.098038838612354,34.105599999999995
146,2.0420577856662137,4.17,17.3889,16080.775592760003,126.809998,11.260994538671973,6.03,705.9649000000001,26.57,5.154609587543949,36.3609
147,1.9570385790780926,3.83,14.6689,16476.289856720003,128.360001,11.329607274746994,5.85,721.459653720001,26.860001,5.1826635044154665,34.2225
148,1.9949937343260002,3.98,15.8404,15878.520604040004,126.010002,11.225417675970904,5.71,678.602447900001,26.049999,5.10391996410602,32.6041
149,2.0182500670960803,4.073333333333333,16.592044444444443,15915.504628548888,126.156667,11.231948495252281,5.763333333333334,684.1711936733333,26.15666633333333,5.114358838929209,33.216011111111115
150,2.0412414523193148,4.166666666666666,17.361111111111107,15952.531674302223,126.303332,11.23847551939319,5.816666666666666,689.7626952866668,26.263333666666668,5.124776450409,33.83361111111111
151,2.0639767440550294,4.26,18.147599999999997,15989.601741300008,126.449997,11.244998755002154,5.87,695.3769527400009,26.370001,5.135172927954812,34.456900000000005
152,2.16794833886788,4.7,22.090000000000003,15997.191158880009,126.480003,11.24633286898445,5.9,700.6608470600011,26.469999,5.144900290579012,34.81
153,2.3664319132398464,5.6,31.359999999999996,16571.411870160016,128.729996,11.345924202108879,6.19,729.0,27.0,5.196152422706632,38.316100000000006
154,2.4433583445741234,5.97,35.640899999999995,16424.986625280013,128.160004,11.320777535134235,6.57,725.2248999999999,26.93,5.189412298131649,43.1649
155,2.364318083507378,5.59,31.248099999999997,17187.21157320004,131.100006,11.449891091185103,7.34,782.8804,27.98,5.289612462175278,53.8756
156,2.3909551787239063,5.716666666666667,32.68027777777778,17272.09420914004,131.42333966666666,11.46400190451252,7.403333333333333,784.9336111111111,28.016666666666666,5.293077239816803,54.80934444444444
157,2.4172987679087856,5.843333333333333,34.14454444444444,17357.185934400048,131.74667333333335,11.478095370458174,7.466666666666667,786.989511111111,28.05333333333333,5.296539750944321,55.751111111111115
158,2.4433583445741234,5.97,35.640899999999995,17442.48674898005,132.070007,11.492171552844136,7.53,789.0481,28.09,5.3,56.700900000000004
159,2.584569596664017,6.68,44.6224,17053.74705528002,130.589996,11.427597997829642,7.24,772.839944400001,27.799999,5.272570435755221,52.4176
160,2.5099800796022267,6.3,39.69,17163.618789900025,131.009995,11.445959767533695,6.81,780.0849,27.93,5.2848841046895245,46.376099999999994
161,2.4310491562286436,5.91,34.9281,15485.314097760005,124.440002,11.155267903551218,6.13,665.124151580001,25.790001,5.0783856686943345,37.5769
162,2.4698178070456938,6.1,37.209999999999994,16337.952399999998,127.82,11.305750749065716,6.46,697.4881,26.41,5.139066063011839,41.7316
163,2.5185974933151454,6.343333333333333,40.23787777777777,16302.182570239998,127.68000066666666,11.299557542960107,6.473333333333334,696.0802777777777,26.383333333333333,5.136470902607483,41.904044444444445
164,2.5664502073226876,6.586666666666667,43.38417777777778,16266.45194010667,127.54000133333334,11.293360940540833,6.486666666666666,694.6738777777778,26.356666666666666,5.133874430356343,42.07684444444444
165,2.613426869074396,6.83,46.6489,16230.760509600004,127.400002,11.287160936214208,6.5,693.2688999999999,26.33,5.1312766442669995,42.25
166,2.6438608132804573,6.99,48.8601,16796.161555200037,129.600006,11.384199840129302,6.55,745.289945400001,27.299999,5.224940095350377,42.902499999999996
167,2.615339366124404,6.84,46.785599999999995,16610.05568880003,128.880005,11.352532977269876,6.33,740.928345560001,27.219999,5.217278888462835,40.0689
168,2.6795522013948525,7.18,51.5524,16671.973108800023,129.119995,11.363097949063011,6.33,743.6528999999999,27.27,5.222068555658763,40.0689
169,2.7092434368288134,7.34,53.8756,16330.284355580003,127.790001,11.30442395701789,6.23,715.5625,26.75,5.172040216394301,38.812900000000006
170,2.7147743920996454,7.37,54.316900000000004,16359.263274660008,127.90333566666668,11.309435691787042,6.246666666666667,719.133628988889,26.816667,5.17848114798152,39.02084444444445
171,2.7202941017470885,7.399999999999999,54.75999999999998,16388.267883233348,128.01667033333334,11.314445206607937,6.263333333333334,722.7136469555561,26.883334,5.184914078362341,39.22934444444445
172,2.725802634087802,7.43,55.204899999999995,16417.29818130003,128.130005,11.319452504427941,6.28,726.302553900001,26.950001,5.191339037281229,39.4384
173,2.6888659319497505,7.23,52.27290000000001,16664.22706728002,129.089996,11.361777853839602,6.15,728.4600999999999,26.99,5.195190083144215,37.822500000000005
174,2.619160170741759,6.86,47.0596,16332.840766800009,127.800003,11.304866341536286,5.95,691.164152580001,26.290001,5.127377594833445,35.4025
175,2.6608269391300143,7.08,50.126400000000004,16325.17213338001,127.769997,11.303539136040534,6.03,689.0625,26.25,5.123475382979799,36.3609
176,2.6267851073127395,6.9,47.61000000000001,15916.346609280015,126.160004,11.232097043740318,5.91,641.6089,25.33,5.032891812864648,34.9281
177,2.6476404589747453,7.010000000000001,49.14010000000001,15977.803267660005,126.40333566666666,11.242923804183086,5.943333333333333,645.837511111111,25.41333333333333,5.041163886775883,35.323211111111114
178,2.6683328128252666,7.12,50.6944,16039.378346640002,126.64666733333334,11.253740148649841,5.976666666666667,650.0800111111109,25.496666666666663,5.04942240921342,35.72054444444444
179,2.6888659319497505,7.23,52.27290000000001,16101.071846220002,126.889999,11.264546107145197,6.01,654.3363999999999,25.58,5.057667446560717,36.1201
180,2.778488797889961,7.72,59.5984,15782.89614622001,125.629997,11.208478799551704,6.08,653.313548880001,25.559999,5.055689765007343,36.9664
181,2.812472222085047,7.91,62.5681,15410.739351720002,124.139999,11.14181309302934,5.98,643.6369507400009,25.370001,5.036864203053324,35.760400000000004
182,3.062678566222711,9.38,87.98440000000001,15974.431847220001,126.389999,11.242330674731107,6.05,667.1888999999999,25.83,5.0823223038292245,36.6025
183,3.148412298286233,9.9125,98.25765625,16011.738906249999,126.5375,11.248888834013783,6.085,671.3281000000001,25.91,5.090186637049765,37.027225
184,3.2318725222384623,10.445,109.098025,16049.08947837,126.685001,11.255443172083451,6.12,675.4800999999999,25.99,5.098038838612354,37.4544
185,3.3132310514058627,10.9775,120.50550624999998,16086.483563580005,126.832502,11.261993695611803,6.155,679.6449,26.07,5.105878964487897,37.884025
186,3.392639090737475,11.51,132.4801,16123.921161880007,126.980003,11.26854041125114,6.19,683.8224999999999,26.15,5.113707070218238,38.316100000000006
187,3.6359317925395684,13.22,174.7684,15615.00135008,124.959999,11.17855084525718,6.12,658.9489000000001,25.67,5.06655701635736,37.4544
188,3.588871688985272,12.88,165.89440000000002,15727.669103280015,125.410004,11.198660812793644,6.09,643.6369507400009,25.370001,5.036864203053324,37.0881
189,3.817066936798463,14.57,212.28490000000002,15333.869395320002,123.830002,11.127892972166833,5.84,626.0004,25.02,5.00199960015992,34.105599999999995
190,3.8704004960727256,14.98,224.40040000000002,15617.50114994,124.970001,11.178998210931066,6.1,639.0784505600009,25.280001,5.027922135435273,37.209999999999994
191,3.82099463490856,14.6,213.16,15624.167094433333,124.99666833333332,11.18019088984322,6.086666666666666,648.2116339466672,25.46000066666667,5.045790390678815,37.047511111111106
192,3.7709415269929605,14.22,202.2084,15630.834461220009,125.02333566666668,11.181383441536502,6.073333333333333,657.4096170933334,25.640000333333333,5.063595593383552,36.88537777777778
193,3.7202150475476548,13.84,191.5456,15637.50325030001,125.050003,11.182575866051614,6.06,666.6724,25.82,5.081338406365,36.7236
194,3.753664875824692,14.09,198.5281,15984.544900000003,126.43,11.244109569014347,6.36,673.4025519000011,25.950001,5.094114348932501,40.449600000000004
195,3.676955262170047,13.52,182.79039999999998,16212.929409320002,127.330002,11.284059641813313,6.74,702.25,26.5,5.1478150704935,45.427600000000005
196,3.5972211497209896,12.94,167.44359999999998,15999.719594040003,126.489998,11.246777227277155,6.86,699.073652880001,26.440001,5.141984150111705,47.0596
197,3.3301651610693423,11.09,122.9881,16144.243091760003,127.059998,11.272089336054785,6.8,688.0129000000001,26.23,5.121523210920751,46.239999999999995
198,3.415650255319866,11.666666666666666,136.1111111111111,16162.884020666668,127.13333166666666,11.275341753874544,6.753333333333333,687.83802696,26.22666633333333,5.121197744017832,45.60751111111111
199,3.4990474894367085,12.243333333333334,149.89921111111113,16181.535705226665,127.20666533333332,11.278593233791762,6.706666666666667,687.663176146667,26.223332666666664,5.120872256429237,44.979377777777785
200,3.5805027579936315,12.82,164.35240000000002,16200.198145440001,127.279999,11.281843776617366,6.66,687.4883475600011,26.219999,5.120546748151021,44.3556
201,3.588871688985272,12.88,165.89440000000002,15944.11214238001,126.269997,11.23699234670915,6.68,669.2569517400009,25.870001,5.086256088715943,44.6224
202,3.518522417151836,12.38,153.26440000000002,15941.588105040004,126.260002,11.236547601465496,6.84,674.440848060001,25.969999,5.096076824381673,46.785599999999995
203,3.4856850115866753,12.15,147.6225,15840.73985172,125.860001,11.218734376033689,6.98,669.7743482400011,25.879999,5.087238838505619,48.720400000000005
204,3.438022687534217,11.82,139.7124,15677.54384958,125.209999,11.189727387206535,6.88,662.0329,25.73,5.07247474118896,47.334399999999995
205,3.4317148288671464,11.776666666666667,138.68987777777778,15875.159843115558,125.996666,11.224823651175996,6.8966666666666665,668.7396172399998,25.86000033333333,5.085272886810827,47.56401111111111
206,3.4253953543107007,11.733333333333333,137.6711111111111,16074.01352658889,126.783333,11.259810522384468,6.913333333333333,675.4801346533338,25.990000666666667,5.098038903996974,47.794177777777776
207,3.4190641994557516,11.69,136.65609999999998,16274.104899999998,127.57,11.294689017409908,6.93,682.2544522400009,26.120001,5.110773033504814,48.024899999999995
208,3.502855977627399,12.27,150.5529,15740.21134908,125.459999,11.200892776917383,7.01,666.156048380001,25.809999,5.080354219933882,49.1401
209,3.5637059362410923,12.7,161.29,15373.519604040004,123.989998,11.135079613545653,6.92,665.639948400001,25.799999,5.079369941242713,47.8864
210,3.492849839314596,12.2,148.83999999999997,14996.45135508,122.459999,11.066164602065161,6.74,640.5960493800011,25.309999,5.0309043918563985,45.427600000000005
211,3.455430508634199,11.94,142.56359999999998,14242.034645280015,119.339996,10.924284690541528,6.61,592.9225,24.35,4.934571916590131,43.6921
212,3.53459097114975,12.493333333333332,156.08337777777774,14369.615564951117,119.87333133333334,10.948668016399681,6.636666666666667,604.8320444444445,24.593333333333334,4.959166596650422,44.045344444444446
213,3.612016980395672,13.046666666666669,170.21551111111117,14497.765377777781,120.40666666666668,10.972997159694643,6.663333333333334,616.8600111111109,24.836666666666662,4.983639901383993,44.40001111111112
214,3.687817782917155,13.6,184.95999999999998,14626.484083760006,120.940002,10.997272480028855,6.69,629.0063999999999,25.08,5.0079936102195655,44.7561
215,3.6932370625238775,13.64,186.04960000000003,15106.869083280017,122.910004,11.086478430953628,6.86,673.921548080001,25.959999,5.095095583009214,47.0596
216,3.730951621235526,13.92,193.7664,15580.032399999998,124.82,11.17228714274745,6.96,655.872151220001,25.610001,5.0606324703538785,48.4416
217,3.7202150475476548,13.84,191.5456,16471.15457328002,128.339996,11.328724376557142,6.93,637.0575999999999,25.24,5.023942674832188,48.024899999999995
218,3.6633318168028404,13.42,180.0964,16889.603419440053,129.96000700000002,11.40000030701754,6.86,608.6089000000001,24.67,4.9668903752750575,47.0596
219,3.6990989893936783,13.683333333333334,187.23361111111112,16942.49516673116,130.16334033333334,11.408914949868517,6.9366666666666665,612.0675835066666,24.739999666666662,4.973932012670324,48.11734444444444
220,3.734523619776245,13.946666666666667,194.50951111111112,16995.469602911166,130.36667366666668,11.417822632475366,7.013333333333334,615.5360669200005,24.809999333333334,4.980963695243455,49.186844444444446
221,3.769615364994153,14.21,201.92410000000004,17048.52672798005,130.570007,11.426723371115624,7.09,619.014350240001,24.879999,4.987985465095102,50.2681
222,3.6041642581880198,12.99,168.7401,17889.0625,133.75,11.565033506220377,7.23,654.8481,25.59,5.058655947976695,52.27290000000001
223,3.655133376499413,13.36,178.4896,18615.87414576,136.440002,11.680753485969987,7.11,671.3281000000001,25.91,5.090186637049765,50.5521
224,3.655133376499413,13.36,178.4896,18398.209328719997,135.639999,11.646458646301028,7.03,654.8481,25.59,5.058655947976695,49.4209
225,3.6193922141707713,13.1,171.60999999999999,18015.00866844,134.220001,11.585335601526612,7.04,646.6849,25.43,5.042816673249187,49.5616
226,3.662876829305985,13.416666666666666,180.00694444444443,18132.41796754889,134.656667,11.604165932974244,7.0200000000000005,651.951111111111,25.53333333333333,5.053051883103253,49.28040000000001
227,3.7058512292499457,13.733333333333334,188.60444444444448,18250.20862104889,135.093333,11.622965757499244,7.0,657.2386777777778,25.636666666666667,5.063266402893163,49.0
228,3.7483329627982624,14.05,197.40250000000003,18368.38062894,135.529999,11.641735222895253,6.98,662.5475999999999,25.74,5.073460357586328,48.720400000000005
229,3.7815340802378077,14.3,204.49,18517.766944320007,136.080002,11.665333342858231,6.89,653.8249000000001,25.57,5.056678751908213,47.4721
230,3.749666651850535,14.06,197.6836,18281.745992940054,135.21000700000002,11.627983789118387,6.87,651.2704,25.52,5.0517323761260355,47.1969
231,3.712142238654117,13.78,189.8884,17980.12702728002,134.089996,11.579723485472355,6.84,626.0004,25.02,5.00199960015992,46.785599999999995
232,3.757658845611187,14.12,199.37439999999998,17910.469435320007,133.830002,11.568491777236996,6.66,621.5049,24.93,4.992995093127972,44.3556
233,3.795172372018606,14.403333333333332,207.45601111111108,17993.539510573337,134.13999966666668,11.58188238874263,6.766666666666667,625.5001000000001,25.01,5.000999900019995,45.78777777777778
234,3.832318706301274,14.686666666666667,215.6981777777778,18076.80178293334,134.44999733333333,11.595257536309115,6.873333333333334,629.5081,25.09,5.008991914547277,47.24271111111112
235,3.8691084244306206,14.97,224.10090000000002,18160.256252400028,134.759995,11.608617273387903,6.98,633.5289000000001,25.17,5.016971197844373,48.720400000000005
236,4.223742416388575,17.84,318.2656,18168.342212940042,134.78999299999998,11.609909258904652,6.94,648.7208490600011,25.469999,5.046781053305166,48.1636
237,4.521061932776413,20.440001,417.79364088000096,18195.31183022,134.889999,11.614215384605195,6.82,661.5183485600011,25.719999,5.07148883465201,46.51240000000001
238,4.458699249781263,19.879999,395.21436024000104,17838.273065760008,133.559998,11.556816084025911,6.91,643.129650720001,25.360001,5.035871424093352,47.7481
239,4.301162633521313,18.5,342.25,17934.56586432,133.919998,11.572380826778904,6.94,661.004048580001,25.709999,5.070502835025339,48.1636
240,4.321650957678095,18.676667,348.8178902288889,17801.78489934001,133.42332966666666,11.550901681975596,6.9,658.777743555556,25.666666,5.066227985395051,47.61000000000001
241,4.34204260688446,18.853334,355.448202915556,17669.497293226694,132.92666133333333,11.529382521771637,6.86,656.555194028889,25.623333,5.061949525627453,47.0596
242,4.362338936854861,19.030001,362.14093806000096,17537.703045980048,132.429993,11.507823121685526,6.82,654.3363999999999,25.58,5.057667446560717,46.51240000000001
243,4.4855324098706495,20.120001,404.8144402400009,17503.29079380001,132.300003,11.50217383801862,6.83,647.193650880001,25.440001,5.043808184298844,46.6489
244,4.460941604639093,19.9,396.00999999999993,17561.551460160015,132.520004,11.511733318662312,6.95,648.7208490600011,25.469999,5.046781053305166,48.3025
245,4.324349777712252,18.700001,349.690037400001,16887.00172030001,129.949997,11.399561263487293,6.82,639.584150580001,25.290001,5.02891648369706,46.51240000000001
246,4.240283009422838,17.98,323.28040000000004,17734.24836732,133.169998,11.539930589046019,6.9,676.5201000000001,26.01,5.1000000000000005,47.61000000000001
247,4.2121847359772815,17.74250025,314.79631512125,17605.30856157501,132.6849975,11.518897408172364,6.9325,667.964025,25.845,5.083797792989017,48.05955625
248,4.183897764047301,17.5050005,306.4250425050003,17476.839206800007,132.199997,11.4978257509844,6.965,659.4624,25.68,5.067543783727971,48.511224999999996
249,4.155418240081256,17.267500750000004,298.1665821512507,17348.84030299501,131.71499649999998,11.476715405550491,6.9975000000000005,651.015225,25.515,5.0512374721448206,48.96500625000001
250,4.126742177553621,17.030001000000002,290.0209340600011,17221.311850160015,131.229996,11.455566157986256,7.03,642.6225000000001,25.35,5.034878350069642,49.4209
251,4.253234063627348,18.09,327.2481,17195.078211300028,131.130005,11.451201028713102,6.97,639.584150580001,25.290001,5.02891648369706,48.5809
252,4.211887937730538,17.74,314.70759999999996,16946.830577480046,130.179993,11.409644735924077,6.91,621.5049,24.93,4.992995093127972,47.7481
253,4.239103560895864,17.969998999999998,322.9208640600009,17250.19454928002,131.339996,11.460366311772063,7.0,627.502449900001,25.049999,5.004997402596729,49.0
254,4.268879556355118,18.223332666666664,332.08985348000033,17463.622147599996,132.14999866666665,11.495651293713925,7.04,632.354810915556,25.146666,5.014645151952429,49.5616
255,4.298449294028409,18.47666633333333,341.38719879333337,17678.36195456,132.96000133333334,11.530828302135685,7.08,637.225860948889,25.243333,5.024274375469556,50.126400000000004
256,4.327817001676481,18.73,350.8129,17894.413970160014,133.770004,11.565898322222965,7.12,642.1156,25.34,5.033885179461287,50.6944
257,4.380639336900494,19.190001,368.25613838000095,17964.040631940003,134.029999,11.577132589721861,7.04,652.291651080001,25.540001,5.053711606334497,49.5616
258,4.360045871318328,19.01,361.3801000000001,17964.040631940003,134.029999,11.577132589721861,7.02,623.5008500600011,24.969999,4.99699899939954,49.28039999999999
259,4.393176413484895,19.299999,372.489961400001,18225.0,135.0,11.61895003862225,7.28,621.5049,24.93,4.992995093127972,52.998400000000004
260,4.405678154382138,19.41,376.7481,18023.0625,134.25,11.586630226256467,7.23,611.078350560001,24.719999,4.971921057297672,52.27290000000001
261,4.382921362135837,19.209999666666665,369.0240871933334,17752.89768882667,133.24000033333334,11.542963238845273,7.11,602.8661286711119,24.55333233333333,4.95513191886284,50.5521
262,4.360045794866532,19.009999333333333,361.3800746533338,17484.773076306657,132.23000066666663,11.49913043089201,6.99,594.7094623377787,24.386665666666666,4.938285701199017,48.8601
263,4.337049573154543,18.809999,353.81606238000103,17218.68866244,131.220001,11.455129898870636,6.87,586.6083515600011,24.219999,4.921381818148232,47.1969
264,4.38520238985614,19.23,369.79290000000003,17490.0625,132.25,11.5,6.78,593.8969487400009,24.370001,4.936598120163318,45.9684
265,4.237923902101122,17.959999,322.561564080001,17766.222233940043,133.28999299999998,11.545128539778151,6.64,578.402451900001,24.049999,4.904079832139766,44.0896
266,4.224926034855522,17.85,318.62250000000006,17384.42408220004,131.850006,11.482595786667751,6.66,544.7556,23.34,4.831148931672465,44.3556
267,4.280186911806539,18.32,335.6224,17681.02116594,132.970001,11.531261899722857,6.51,549.433646880001,23.440001,4.841487478038129,42.3801
268,4.2992246975472215,18.483333,341.63359878888895,17951.53334314444,133.98333233333332,11.575116946853424,6.57,552.876875795556,23.513334,4.849054959474063,43.1649
269,4.318178551194936,18.646666,347.69815291555597,18224.099201131125,134.99666366666668,11.618806464808108,6.63,556.3308601688889,23.586667,4.856610649413848,43.9569
270,4.337049573154543,18.809999,353.81606238000103,18498.718739900025,136.009995,11.662332313907026,6.69,559.7956,23.66,4.864154602806124,44.7561
271,4.5661800227323495,20.85,434.7225000000001,18023.0625,134.25,11.586630226256467,6.6,546.624353240001,23.379999,4.8352868580881525,43.559999999999995
272,4.606517013970533,21.219999,450.28835756000103,17540.354129760002,132.440002,11.508257991546765,6.66,561.690047400001,23.700001,4.868264680561237,44.3556
273,4.664761515876241,21.76,473.4976000000001,17537.703045980048,132.429993,11.507823121685526,6.75,561.690047400001,23.700001,4.868264680561237,45.5625
274,4.602173399601541,21.18,448.5924,17352.791846160017,131.729996,11.477368862243646,6.89,581.7744482400009,24.120001,4.911211764931339,47.4721
275,4.616997581401431,21.316666666666663,454.4002777777776,17385.301335306664,131.85333266666666,11.482740642663085,6.933333333333333,586.6084322933339,24.220000666666667,4.921381987477366,48.0711111111111
276,4.631774318048466,21.453333333333333,460.2455111111111,17417.84124832001,131.97666933333335,11.488109911266228,6.976666666666667,591.4624162133335,24.320000333333336,4.931531236171311,48.673877777777776
277,4.646504062195577,21.59,466.1281,17450.41158520004,132.100006,11.493476671573315,7.02,596.3364000000001,24.42,4.941659640242335,49.28039999999999
278,4.546427168667722,20.67,427.24890000000005,17229.186287400025,131.259995,11.456875446647746,6.98,599.2704,24.48,4.947726750741193,48.720400000000005
279,4.643274598814935,21.559999,464.833556880001,17537.703045980048,132.429993,11.507823121685526,7.23,615.536050380001,24.809999,4.980963661782728,52.27290000000001
280,4.630334869099642,21.440001,459.67364288000095,17675.701702300008,132.949997,11.530394485879484,7.35,609.1024,24.68,4.967896939349688,54.022499999999994
281,4.633573027373153,21.469999,460.96085706000105,17445.126928320005,132.080002,11.492606405859378,7.25,594.384351240001,24.379999,4.937610656987851,52.5625
282,4.647221320316045,21.596666,466.41598231555594,17420.480793715564,131.986669,11.488545121119559,7.39,591.6244957977788,24.323332333333333,4.931869050708193,54.6121
283,4.660829647176563,21.723333,471.903196628889,17395.852081208897,131.893336,11.484482400178077,7.53,588.8710625777787,24.266665666666665,4.926120752343233,56.700900000000004
284,4.674398357008098,21.85,477.42250000000007,17371.24079080001,131.800003,11.480418241510193,7.67,586.124051580001,24.209999,4.920365738438556,58.8289
285,4.649731282558165,21.620001,467.4244432400009,17596.020908200033,132.649994,11.517377913396782,7.76,579.8463999999999,24.08,4.907137658554118,60.2176
286,5.1478150704935,26.5,702.25,17300.140636940003,131.529999,11.46865288514741,7.57,576.0,24.0,4.898979485566356,57.3049
287,5.298112871579842,28.07,787.9249,17205.568375320003,131.169998,11.452947131633849,7.62,578.883551880001,24.059999,4.9050992854375535,58.0644
288,5.336665625650533,28.48,811.1104,17066.80933872,130.639999,11.429785606038285,7.67,587.5776,24.24,4.923413450036469,58.8289
289,5.310053326788097,28.196666333333333,795.0519923133335,17087.71866144,130.720001,11.433284786097126,7.643333333333333,590.49,24.3,4.929503017546495,58.42054444444443
290,5.283306982058365,27.913332666666665,779.1541405600004,17108.64078480001,130.800003,11.436782895552403,7.616666666666666,593.4096,24.36,4.935585071701226,58.0136111111111
291,5.256424545258878,27.629999,763.4168447400011,17129.57570880003,130.880005,11.440279935386197,7.59,596.3364000000001,24.42,4.941659640242335,57.6081
292,5.287721532002229,27.959999,781.761544080001,17242.315574760007,131.309998,11.459057465603356,7.74,600.7401000000001,24.51,4.950757517794625,59.9076
293,5.278257382886894,27.860001,776.179655720001,17726.259333719998,133.139999,11.538630724657063,7.85,615.536050380001,24.809999,4.980963661782728,61.622499999999995
294,5.23259008522548,27.379999,749.6643452400011,17800.895866320003,133.419998,11.55075746433973,8.21,605.652149220001,24.610001,4.96084680271423,67.40410000000001
295,5.2115256883181535,27.16,737.6656,17763.55813344,133.279999,11.544695708419516,8.16,614.544149580001,24.790001,4.978955814224505,66.5856
296,5.174617538201898,26.776666666666667,716.9898777777778,17725.37236614222,133.136668,11.538486382537355,8.116666666666667,609.1024164533333,24.68000033333333,4.967896972898425,65.88027777777779
297,5.137444241384361,26.39333333333333,696.6080444444443,17687.227686395567,132.993337,11.532273713366328,8.073333333333332,603.6848836200002,24.569999666666668,4.95681345893374,65.1787111111111
298,5.1000000000000005,26.01,676.5201000000001,17649.124094200037,132.850006,11.526057695500228,8.03,598.291551080001,24.459999,4.945705106453477,64.48089999999999
299,5.332916744146678,28.440001,808.833656880001,17545.653454440053,132.46000700000002,11.509127117205718,7.92,581.7744482400009,24.120001,4.911211764931339,62.7264
300,5.244997616777343,27.51,756.8001,16918.20672098005,130.070007,11.404823847828602,7.7,541.0276000000001,23.26,4.822862220714998,59.290000000000006
301,5.6559702969517085,31.99,1023.3600999999999,17252.82407620004,131.350006,11.460803025966374,7.9,566.916052380001,23.809999,4.879549057033857,62.410000000000004
302,5.529918625079396,30.58,935.1363999999999,17237.062261940046,131.28999299999998,11.458184542064243,7.73,557.9044472400009,23.620001,4.860041254968933,59.752900000000004
303,5.611892134862655,31.49333333333333,991.8300444444442,17408.162808360004,131.93999699999998,11.486513700858062,7.723333333333334,567.5512428755561,23.823334000000003,4.880915283018135,59.64987777777778
304,5.692685365156471,32.406666666666666,1050.1920444444445,17580.10836518,132.590001,11.51477316320213,7.716666666666667,577.280727128889,24.026667,4.901700419242286,59.54694444444445
305,5.772347875864725,33.32,1110.2224,17752.898932400025,133.240005,11.542963440988627,7.71,587.0929,24.23,4.922397789695587,59.4441
306,5.958187643906492,35.5,1260.25,18460.65554130002,135.869995,11.6563285386094,7.88,599.7601,24.49,4.948737212663449,62.0944
307,6.140846765715621,37.709999,1422.0440245800012,17998.906673280013,134.160004,11.582745961126834,7.64,593.409648720001,24.360001,4.935585173006338,58.3696
308,6.507687607745166,42.349998,1793.522330600004,18788.18681898005,137.070007,11.707690079601527,7.99,618.019649720001,24.860001,4.9859804452083445,63.84010000000001
309,6.452131508269186,41.630001,1733.056983260001,18823.839176800007,137.199997,11.713240243416848,7.79,694.849652720001,26.360001,5.134199158583547,60.6841
310,6.513575618148094,42.42666733333333,1800.0221010133332,19047.67953371556,138.013331,11.747907515808931,7.926666666666667,715.919228948889,26.756667,5.172684699457333,62.83204444444445
311,6.574445502600708,43.22333366666667,1868.2565732600003,19272.842915022222,138.826665,11.782472788001677,8.063333333333333,737.303493008889,27.153333,5.210886009115916,65.01734444444443
312,6.634756966159348,44.02,1937.7604000000003,19499.329320719997,139.639999,11.81693695506581,8.2,759.002444900001,27.549999,5.248809293544585,67.24
313,6.445928870224988,41.549999,1726.402416900001,19583.204159760004,139.940002,11.829623916253635,8.38,787.3635438800011,28.059999,5.29716896086957,70.22440000000002
314,6.563535784925683,43.080002,1855.886572320004,20300.549260160016,142.479996,11.936498481548096,8.33,804.2896567200011,28.360001,5.325410876167209,69.3889
315,6.949820069613313,48.299999,2332.889903400001,19513.296658760002,139.690002,11.819052500094921,8.21,771.728455560001,27.780001,5.270673676106309,67.40410000000001
316,6.6753277822141435,44.560001,1985.593689120001,20056.22298380002,141.619995,11.900419950573172,8.54,795.804043580001,28.209999,5.311308595817042,72.93159999999999
317,6.700746326591788,44.900001333333336,2016.0101197333354,20292.001645300006,142.449997,11.935241807353549,8.626666666666667,819.8677396000005,28.633332666666668,5.3510123029821814,74.41937777777778
318,6.726068812216141,45.24000166666666,2046.6577508000018,20529.15811344,143.279999,11.969962364184777,8.713333333333333,844.2898584066666,29.05666633333333,5.390423576430087,75.92217777777778
319,6.751296319967003,45.580002,2077.536582320004,20767.692388220003,144.110001,12.004582500028896,8.8,869.0704000000001,29.48,5.429548784199291,77.44000000000001
320,6.825686778632609,46.59,2170.6281000000004,20374.709027400026,142.740005,11.947384860294742,8.75,852.056158380001,29.190001,5.402777156241038,76.5625
321,6.712674653221322,45.060001,2030.4036901200009,20115.749467320005,141.830002,11.909240194067799,8.82,816.8163999999999,28.58,5.346026561849464,77.7924
322,6.960603493950794,48.450001,2347.402596900001,19858.445836320003,140.919998,11.870972917162266,8.82,809.4025569000011,28.450001,5.33385423497868,77.7924
323,7.0178344238090995,49.25,2425.5625,20200.93832130003,142.130005,11.921828928482409,8.74,828.2884575600009,28.780001,5.3646995256025285,76.3876
324,7.161936446706761,51.29333366666667,2631.0060786400004,20308.150519466675,142.50666833333335,11.937615688793695,8.78,834.6321577800011,28.890001,5.374941953174937,77.0884
325,7.303195693210838,53.33666733333333,2844.8000822266667,20415.64646816667,142.88333166666666,11.953381599642281,8.82,841.0000580000011,29.000001,5.385164899982173,77.7924
326,7.441774049243903,55.380001,3066.944510760001,20523.426167400026,143.259995,11.969126743417833,8.86,847.3921582200011,29.110001,5.395368476758562,78.49959999999999
327,7.3150528364462275,53.509998,2863.3198859600043,20689.94444928002,143.839996,11.993331313692623,9.45,883.8729000000001,29.73,5.452522352086234,89.30249999999998
328,7.3273459724514165,53.689999,2882.615992620001,19968.515534760005,141.309998,11.88738819085168,9.08,861.4225000000001,29.35,5.417564028232615,82.4464
329,7.337915201199861,53.8449995,2899.2839711550005,19806.340506470005,140.735001,11.863178368380035,9.085,843.9025,29.05,5.389805191284746,82.53722500000002
330,7.3484692283495345,54.0,2916.0,19644.826721280013,140.160004,11.838919038493337,9.09,826.5625,28.75,5.361902647381804,82.6281
331,7.269341992230109,52.843333,2792.417842548889,19115.828982600025,138.260005,11.758401464484873,9.086666666666666,806.9386921733333,28.40666633333333,5.329790458670334,82.5675111111111
332,7.189343919997151,51.686666,2671.5114421955564,18594.051236320043,136.36000600000003,11.677328718504075,9.083333333333334,787.5506403600003,28.063332666666664,5.297483616460429,82.50694444444446
333,7.108445610680298,50.529999,2553.2807989400008,18079.493482440055,134.46000700000002,11.595689155888925,9.08,768.3983445600011,27.719999,5.264978537468125,82.4464
334,6.734983370432328,45.360001,2057.529690720001,18534.09932772,136.139999,11.667904653364287,9.24,804.2896567200011,28.360001,5.325410876167209,85.3776
335,6.926759704219571,47.98,2302.0804,18588.59450928002,136.339996,11.67647189865158,9.2,848.5568417400011,29.129999,5.397221414765194,84.63999999999999
336,6.734240714438414,45.349998,2056.622318600004,18727.924142200038,136.850006,11.698290729845963,9.21,861.4225000000001,29.35,5.417564028232615,84.82410000000002
337,6.560487862956535,43.040001,1852.4416860800006,19121.35812344,138.279999,11.759251634351568,9.34,910.8324,30.18,5.493632677928148,87.23559999999999
338,6.612866322556354,43.730001,1912.312987460001,19109.375273848895,138.236664,11.757408898222431,9.3,903.4031910733331,30.05666633333333,5.482396039446013,86.49000000000001
339,6.664833156201287,44.420001000000006,1973.1364888400014,19097.39618010224,138.193329,11.755565873236389,9.26,896.0044045333336,29.933332666666665,5.471136323166026,85.74759999999999
340,6.71639791852746,45.110001,2034.9121902200006,19085.420842200034,138.149994,11.753722559257556,9.22,888.6360403800011,29.809999,5.45985338630993,85.00840000000001
341,6.823488916969089,46.560001,2167.833693120001,19248.788987400025,138.740005,11.778794717627097,9.25,880.9024,29.68,5.447935388750494,85.5625
342,6.634003165510249,44.009998,1936.8799239600044,19847.175808800028,140.880005,11.86928831059386,9.45,898.200840060001,29.969999,5.474486185935627,89.30249999999998
343,6.7245818457358375,45.220001,2044.8484904400013,20469.02690298005,143.070007,11.961187524656571,9.12,873.793540880001,29.559999,5.436910795663287,83.17439999999999
344,6.479197481170025,41.98,1762.3203999999998,22801.0,151.0,12.288205727444508,9.02,860.8356,29.34,5.416641025580336,81.3604
345,6.453422864392714,41.64666666666666,1734.444844444444,23061.459802480003,151.86000066666668,12.323148975268728,8.983333333333333,858.880711111111,29.306666666666665,5.413563213509811,80.70027777777776
346,6.427544891584448,41.31333333333333,1706.791511111111,23323.398807253332,152.72000133333333,12.357993418566517,8.946666666666667,856.9280444444445,29.273333333333333,5.410483650592924,80.04284444444446
347,6.4015623093116885,40.98,1679.3603999999998,23586.817014320008,153.580002,12.392739890758621,8.91,854.9775999999999,29.24,5.407402333838309,79.38810000000001
348,6.59545297913646,43.5,1892.25,23363.124334200038,152.850006,12.363252242027581,9.15,879.1225,29.65,5.445181356024793,83.72250000000001
349,6.68356177498196,44.669998,1995.408721320004,24052.90685928002,155.089996,12.453513399840224,9.04,867.8915410800009,29.459999,5.4277066059248265,81.72159999999998
350,6.782329983125268,46.0,2116.0,23913.52929072,154.639999,12.435433205160164,9.08,859.6624,29.32,5.414794548272353,82.4464
351,6.835203069404741,46.720001,2182.7584934400015,23645.214130160017,153.770004,12.400403380535652,8.95,885.0625,29.75,5.454356057317857,80.10249999999999
352,6.889363855490094,47.463334333333336,2252.768106037779,23440.631902604462,153.10333733333334,12.373493335890771,8.943333333333333,870.25,29.5,5.431390245600108,79.98321111111112
353,6.943102164498709,48.20666766666667,2323.8828075244455,23236.93856393779,152.43667066666666,12.346524639211905,8.936666666666666,855.5625,29.25,5.408326913195984,79.8640111111111
354,6.996427731349764,48.950001,2396.102597900001,23034.134114160017,151.770004,12.319496905312327,8.93,841.0,29.0,5.385164807134504,79.7449
355,6.897825889365431,47.580002,2263.856590320004,22731.594106160017,150.770004,12.278843756640931,8.79,830.0160423800011,28.809999,5.367494666974528,77.26409999999998
356,6.856383740719302,47.009998,2209.9399119600043,22849.34680928001,151.160004,12.294714474114476,8.99,823.1161573800009,28.690001,5.356304789684769,80.82010000000001
357,6.765352910233139,45.77,2094.8929000000003,22641.22120094,150.470001,12.266621417489006,8.86,815.673542880001,28.559999,5.344155592794806,78.49959999999999
358,6.7336840028323275,45.34250025,2055.94232892125,22801.755685761254,151.00250225,12.288307542131259,8.8675,813.3903572200006,28.51999925,5.340411898908173,78.63255625
359,6.701865449261124,44.915000500000005,2017.3572699150006,22962.857285745016,151.53500350000002,12.309955462957614,8.875,811.1103715200004,28.4799995,5.336665578804803,78.765625
360,6.669895107870888,44.48750075,1979.1377229812508,23124.526000891277,152.06750475,12.331565381167145,8.8825,808.83358578,28.43999975,5.332916626950022,78.89880625
361,6.63777078543693,44.060001,1941.283688120001,23286.761831200038,152.600006,12.353137496199093,8.89,806.56,28.4,5.329165037789691,79.03210000000001
362,6.792643005487628,46.139999,2128.899507720001,23513.15437328002,153.339996,12.383052773851851,8.82,796.3683435600011,28.219999,5.312249899995293,77.7924
363,6.9555733767964805,48.380001,2340.624496760001,23743.72686728002,154.089996,12.41329915856377,8.86,792.9856,28.16,5.3065996645686395,78.49959999999999
364,6.981404013520489,48.740002,2375.5877949600035,23891.88706398005,154.570007,12.432618670256078,8.79,798.0625,28.25,5.315072906367325,77.26409999999998
365,7.065939569512324,49.927502,2492.7554559600035,23793.06357975001,154.2500035,12.419742489278914,8.7225,791.1562562500001,28.1275,5.303536555921907,76.08200625
366,7.149475645108527,51.115002,2612.743429460004,23694.444900000002,153.93,12.406852945046138,8.655,784.2800250000001,28.005000000000003,5.291975056630559,74.90902499999999
367,7.232046874848088,52.302502,2735.551715460004,23596.03102473001,153.6099965,12.393949995864917,8.587499999999999,777.43380625,27.8825,5.280388243301813,73.74515624999998
368,7.313685938020582,53.490002,2861.180313960004,23497.82195394004,153.28999299999998,12.381033599825177,8.52,770.6176,27.76,5.2687759489277965,72.59039999999999
369,7.29383308007525,53.200001,2830.240106400001,23531.558159200034,153.399994,12.38547512209362,8.65,761.7600000000001,27.6,5.253570214625479,74.8225
370,7.106335201775948,50.5,2550.25,23571.460592940002,153.529999,12.390722295330487,8.84,797.4975999999999,28.24,5.314132102234569,78.1456
371,7.367496114691884,54.279999,2946.318291440001,23308.12828932,152.669998,12.355970135930242,9.06,793.5489000000001,28.17,5.30754180388624,82.0836
372,7.6759362946809295,58.919998,3471.5661643200037,23363.124334200038,152.850006,12.363252242027581,9.0,794.1124,28.18,5.308483775994799,81.0
373,7.757576876834674,60.179999,3621.6322796400013,23418.18202222001,153.03000366666666,12.370529643740669,9.1,793.5489000000001,28.17,5.30754180388624,82.80999999999999
374,7.83836717690617,61.44,3774.8736,23473.304508560002,153.21000133333334,12.377802766781079,9.2,792.9856,28.16,5.3065996645686395,84.63999999999999
375,7.918333221076264,62.700001,3931.290125400001,23528.491793219997,153.389999,12.385071618686748,9.3,792.4224999999999,28.15,5.305657357952923,86.49000000000001
376,7.876547530485675,62.040001,3848.9617240800007,23028.0625,151.75,12.31868499475492,9.78,784.0,28.0,5.291502622129181,95.64839999999998
377,7.8835272562476755,62.150002,3862.622748600004,22695.420692200034,150.649994,12.273955923010314,9.78,785.6809560600009,28.030001,5.294336691220157,95.64839999999998
378,7.801922775829046,60.869999,3705.156778260001,22903.79438928002,151.339996,12.30203218984571,10.17,798.0625,28.25,5.315072906367325,103.4289
379,7.5013332148358804,56.27,3166.3129000000004,22025.529287280013,148.410004,12.182364466719914,9.83,750.7599999999999,27.4,5.2345009313209605,96.6289
380,7.537406699256715,56.81249975,3227.66012784375,22004.756860890026,148.34000425000002,12.179491132637686,9.8775,751.8564000000001,27.42,5.236410984634419,97.56500625
381,7.573308358967037,57.354999500000005,3289.5959676450007,21983.99423443003,148.27000450000003,12.176617120530645,9.925,752.9536,27.44,5.238320341483518,98.50562500000001
382,7.609040626123638,57.89749925,3352.120419403751,21963.241407900023,148.20000475,12.173742429918583,9.9725,754.0516,27.46,5.240229002629561,99.45075625
383,7.644605876040962,58.439999,3415.233483120001,21942.49838130003,148.130005,12.170867060320724,10.02,755.1504,27.48,5.242136968832463,100.40039999999999
384,7.596709748305512,57.709999,3330.4439845800016,22493.999200160015,149.979996,12.24663202680639,10.86,781.202555900001,27.950001,5.286776049730119,117.93959999999998
385,7.638062581571324,58.34,3403.5556000000006,22903.79438928002,151.339996,12.30203218984571,11.53,798.0625,28.25,5.315072906367325,132.9409
386,7.870832293982638,61.950001,3837.802623900001,21889.201612300007,147.949997,12.163469776342604,11.52,761.2081,27.59,5.252618394667558,132.7104
387,7.829218862696329,61.296668,3757.2815079022234,21768.0511082,147.53999833333333,12.14660439519347,11.443333333333332,754.7840444444444,27.473333333333333,5.241501057267215,130.94987777777774
388,7.78738306493266,60.643335,3677.614079922225,21647.236801913332,147.12999966666666,12.129715564128727,11.366666666666664,748.387211111111,27.356666666666666,5.230360089579556,129.20111111111103
389,7.74532129740271,59.990002,3598.800339960004,21526.75869344,146.720001,12.112803185060013,11.29,742.0175999999999,27.24,5.219195340279955,127.46409999999999
390,7.765951390525181,60.310001,3637.296220620001,21310.159232160015,145.979996,12.082218173828844,11.19,749.6643452400011,27.379999,5.23259008522548,125.21609999999998
391,7.559762033291789,57.150002,3266.122728600004,20346.16931472,142.639999,11.943198859602061,10.79,719.3124,26.82,5.1788029504896205,116.42409999999998
392,7.640026112520821,58.369999,3407.056783260001,20534.89085980001,143.300003,11.970797926621266,10.72,726.302553900001,26.950001,5.191339037281229,114.91840000000002
393,7.54983443527075,57.0,3249.0,19745.871524160015,140.520004,11.854113378907762,10.53,701.1904000000001,26.48,5.145872132107443,110.88089999999998
394,7.54983443527075,57.0,3249.0,19745.871524160015,140.520004,11.854113378907762,10.53,701.1904000000001,26.48,5.145872132107443,110.88089999999998
395,7.54983443527075,57.0,3249.0,19745.871524160015,140.520004,11.854113378907762,10.53,701.1904000000001,26.48,5.145872132107443,110.88089999999998
396,7.54983443527075,57.0,3249.0,19745.871524160015,140.520004,11.854113378907762,10.53,701.1904000000001,26.48,5.145872132107443,110.88089999999998
397,7.54983443527075,57.0,3249.0,19745.871524160015,140.520004,11.854113378907762,10.53,701.1904000000001,26.48,5.145872132107443,110.88089999999998
